timestamp,rx_size,delta_bytes,pps,pdr,latitude,longitude,speed_mph,t_sec,dt_sec,has_pkts,time_since_last_pkt,dist_RSU1_m,dist_RSU2_m,nearest_rsu,dist_from_rsu_m,dist_union_m,elevation_m
11/19/2025 16:27,0,0,0,0,36.11634407,-97.1768186,,0,0,0,0,1668.308349,2850.313827,RSU1,1668.308349,1668.308349,284.0975952
11/19/2025 16:27,0,0,0,0,36.11634407,-97.17681859,0,1,1,0,1,1668.307451,2850.312928,RSU1,1668.307451,1668.307451,284.0975952
11/19/2025 16:27,0,0,0,0,36.11634405,-97.17681859,0,2,1,0,2,1668.307478,2850.312931,RSU1,1668.307478,1668.307478,284.0975952
11/19/2025 16:27,0,0,0,0,36.11634405,-97.17681859,0,3,1,0,3,1668.307478,2850.312931,RSU1,1668.307478,1668.307478,284.0975952
11/19/2025 16:27,0,0,0,0,36.11634404,-97.17681859,0,4,1,0,4,1668.307491,2850.312933,RSU1,1668.307491,1668.307491,284.0975952
11/19/2025 16:27,0,0,0,0,36.11634405,-97.17681858,0,5,1,0,5,1668.30658,2850.312033,RSU1,1668.30658,1668.30658,284.0975952
11/19/2025 16:27,0,0,0,0,36.116344,-97.17681855,0.01,6,1,0,6,1668.303953,2850.309345,RSU1,1668.303953,1668.303953,284.0975952
11/19/2025 16:27,0,0,0,0,36.11634059,-97.1768156,1.03,7,1,0,7,1668.043646,2850.044861,RSU1,1668.043646,1668.043646,284.0975952
11/19/2025 16:27,0,0,0,0,36.1163402,-97.17681515,0.13,8,1,0,8,1668.003766,2850.0045,RSU1,1668.003766,1668.003766,284.0975952
11/19/2025 16:27,0,0,0,0,36.11633843,-97.17681554,0.45,9,1,0,9,1668.041253,2850.039815,RSU1,1668.041253,1668.041253,284.0975952
11/19/2025 16:27,0,0,0,0,36.11633778,-97.17681568,0.16,10,1,0,10,1668.054736,2850.052498,RSU1,1668.054736,1668.054736,284.0975952
11/19/2025 16:27,0,0,0,0,36.11633669,-97.17681599,0.28,11,1,0,11,1668.08411,2850.080528,RSU1,1668.08411,1668.08411,284.0975952
11/19/2025 16:27,0,0,0,0,36.11633668,-97.17681605,0.01,12,1,0,12,1668.089513,2850.085919,RSU1,1668.089513,1668.089513,284.0975952
11/19/2025 16:27,0,0,0,0,36.1163367,-97.17681607,0.01,13,1,0,13,1668.091281,2850.087712,RSU1,1668.091281,1668.091281,284.0975952
11/19/2025 16:27,0,0,0,0,36.11633666,-97.17681614,0.02,14,1,0,14,1668.097625,2850.094007,RSU1,1668.097625,1668.097625,284.0975952
11/19/2025 16:27,0,0,0,0,36.11633661,-97.17681614,0.01,15,1,0,15,1668.097695,2850.094016,RSU1,1668.097695,1668.097695,284.0975952
11/19/2025 16:27,0,0,0,0,36.11633663,-97.17681611,0.01,16,1,0,16,1668.094973,2850.091317,RSU1,1668.094973,1668.094973,284.0975952
11/19/2025 16:27,0,0,0,0,36.11633664,-97.17681612,0,17,1,0,17,1668.095857,2850.092214,RSU1,1668.095857,1668.095857,284.0975952
11/19/2025 16:27,0,0,0,0,36.11633667,-97.1768161,0.01,18,1,0,18,1668.094018,2850.090412,RSU1,1668.094018,1668.094018,284.0975952
11/19/2025 16:27,0,0,0,0,36.11633664,-97.17681613,0.01,19,1,0,19,1668.096755,2850.093112,RSU1,1668.096755,1668.096755,284.0975952
11/19/2025 16:27,0,0,0,0,36.11633664,-97.17681612,0,20,1,0,20,1668.095857,2850.092214,RSU1,1668.095857,1668.095857,284.0975952
11/19/2025 16:27,0,0,0,0,36.11633661,-97.17681607,0.01,21,1,0,21,1668.091408,2850.087728,RSU1,1668.091408,1668.091408,284.0975952
11/19/2025 16:27,0,0,0,0,36.11633652,-97.17681605,0.02,22,1,0,22,1668.089738,2850.085947,RSU1,1668.089738,1668.089738,284.0975952
11/19/2025 16:27,0,0,0,0,36.11633653,-97.17681609,0.01,23,1,0,23,1668.093317,2850.089538,RSU1,1668.093317,1668.093317,284.0975952
11/19/2025 16:27,0,0,0,0,36.11633655,-97.17681617,0.02,24,1,0,24,1668.100474,2850.096721,RSU1,1668.100474,1668.100474,284.0975952
11/19/2025 16:27,0,0,0,0,36.11633652,-97.17681625,0.02,25,1,0,25,1668.107702,2850.103912,RSU1,1668.107702,1668.107702,284.0975952
11/19/2025 16:27,0,0,0,0,36.1163365,-97.17681627,0.01,26,1,0,26,1668.109527,2850.105712,RSU1,1668.109527,1668.109527,284.0975952
11/19/2025 16:27,0,0,0,0,36.11633649,-97.17681636,0.02,27,1,0,27,1668.117624,2850.113798,RSU1,1668.117624,1668.117624,284.0975952
11/19/2025 16:27,0,0,0,0,36.1163365,-97.17681637,0,28,1,0,28,1668.118508,2850.114694,RSU1,1668.118508,1668.118508,284.0975952
11/19/2025 16:27,0,0,0,0,36.11633653,-97.17681635,0.01,29,1,0,29,1668.11667,2850.112893,RSU1,1668.11667,1668.11667,284.0975952
11/19/2025 16:27,0,0,0,0,36.11633899,-97.17683469,3.73,30,1,0,30,1669.7605,2851.759884,RSU1,1669.7605,1669.7605,284.1975708
11/19/2025 16:27,0,0,0,0,36.11633796,-97.17688227,9.56,31,1,0,31,1674.035505,2856.033954,RSU1,1674.035505,1674.035505,284.2695618
11/19/2025 16:27,0,0,0,0,36.11633135,-97.17695612,14.93,32,1,0,32,1680.67795,2862.668761,RSU1,1680.67795,1680.67795,284.5895691
11/19/2025 16:27,0,0,0,0,36.11632227,-97.17707122,23.24,33,1,0,33,1691.029299,2873.009615,RSU1,1691.029299,1691.029299,284.8895569
11/19/2025 16:27,0,0,0,0,36.11631566,-97.17721339,28.61,34,1,0,34,1703.808639,2885.781731,RSU1,1703.808639,1703.808639,285.3220825
11/19/2025 16:27,0,0,0,0,36.11631014,-97.17738319,34.15,35,1,0,35,1719.068101,2901.035589,RSU1,1719.068101,1719.068101,285.6710205
11/19/2025 16:27,0,0,0,0,36.11630924,-97.17757997,39.54,36,1,0,36,1736.74368,2918.711692,RSU1,1736.74368,1736.74368,286.3110046
11/19/2025 16:27,0,0,0,0,36.1163088,-97.17780838,45.9,37,1,0,37,1757.259481,2939.228844,RSU1,1757.259481,1757.259481,286.9130554
11/19/2025 16:27,0,0,0,0,36.11630975,-97.17806105,50.77,38,1,0,38,1779.952179,2961.924769,RSU1,1779.952179,1779.952179,287.5209656
11/19/2025 16:27,0,0,0,0,36.11630909,-97.17833529,55.1,39,1,0,39,1804.584734,2986.558682,RSU1,1804.584734,1804.584734,288.2638855
11/19/2025 16:27,0,0,0,0,36.11630534,-97.17863323,59.87,40,1,0,40,1831.350597,3013.322343,RSU1,1831.350597,1831.350597,289.1191711
11/19/2025 16:27,0,0,0,0,36.11630118,-97.1789488,63.42,41,1,0,41,1859.700562,3041.669793,RSU1,1859.700562,1859.700562,290.1067505
11/19/2025 16:27,0,0,0,0,36.11629744,-97.17927115,64.78,42,1,0,42,1888.658864,3070.626176,RSU1,1888.658864,1888.658864,291.0500793
11/19/2025 16:27,0,0,0,0,36.11629471,-97.17958809,63.69,43,1,0,43,1917.129737,3099.096309,RSU1,1917.129737,1917.129737,291.9501953
11/19/2025 16:27,0,0,0,0,36.11629432,-97.17989412,61.49,44,1,0,44,1944.617223,3126.585689,RSU1,1944.617223,1944.617223,292.7987366
11/19/2025 16:27,0,0,0,0,36.11629331,-97.18017726,56.89,45,1,0,45,1970.049737,3152.01917,RSU1,1970.049737,1970.049737,293.4282227
11/19/2025 16:27,0,0,0,0,36.1162877,-97.18042972,50.75,46,1,0,46,1992.73343,3174.698372,RSU1,1992.73343,1992.73343,294.1637878
11/19/2025 16:27,0,0,0,0,36.11627795,-97.18064658,43.64,47,1,0,47,2012.225964,3194.181452,RSU1,2012.225964,2012.225964,294.7050781
11/19/2025 16:27,0,0,0,0,36.11627415,-97.18082321,35.5,48,1,0,48,2028.096214,3210.048764,RSU1,2028.096214,2028.096214,295.2134705
11/19/2025 16:27,0,0,0,0,36.11627386,-97.18096844,29.18,49,1,0,49,2041.140806,3223.094191,RSU1,2041.140806,2041.140806,295.7334595
11/19/2025 16:27,0,0,0,0,36.11626807,-97.18107788,22.04,50,1,0,50,2050.979354,3232.927017,RSU1,2050.979354,2050.979354,295.8993835
11/19/2025 16:27,0,0,0,0,36.11623769,-97.18115651,17.51,51,1,0,51,2058.091759,3240.004404,RSU1,2058.091759,2058.091759,296.1394043
11/19/2025 16:27,0,0,0,0,36.11618814,-97.18119268,14.31,52,1,0,52,2061.433824,3243.284441,RSU1,2061.433824,2061.433824,296.2393799
11/19/2025 16:27,0,0,0,0,36.11613044,-97.18119881,14.41,53,1,0,53,2062.111718,3243.883035,RSU1,2062.111718,2062.111718,296.319397
11/19/2025 16:27,0,0,0,0,36.11607759,-97.18120407,13.19,54,1,0,54,2062.71822,3244.410569,RSU1,2062.71822,2062.71822,296.2741394
11/19/2025 16:27,0,0,0,0,36.11603497,-97.18120364,10.6,55,1,0,55,2062.799961,3244.424106,RSU1,2062.799961,2062.799961,296.2541504
11/19/2025 16:27,0,0,0,0,36.11599181,-97.18118743,11.22,56,1,0,56,2061.477454,3243.028028,RSU1,2061.477454,2061.477454,296.2141418
11/19/2025 16:27,0,0,0,0,36.11595238,-97.18114442,13.07,57,1,0,57,2057.747212,3239.225948,RSU1,2057.747212,2057.747212,296.0141602
11/19/2025 16:27,0,0,0,0,36.11593919,-97.18106297,16.69,58,1,0,58,2050.480675,3231.932169,RSU1,2050.480675,2050.480675,295.5141602
11/19/2025 16:27,0,0,0,0,36.11593592,-97.18095243,22.23,59,1,0,59,2040.568056,3222.009437,RSU1,2040.568056,2040.568056,294.6281738
11/19/2025 16:28,0,0,0,0,36.11593367,-97.18080355,29.92,60,1,0,60,2027.209862,3208.641515,RSU1,2027.209862,2027.209862,294.2920227
11/19/2025 16:28,0,0,0,0,36.11592785,-97.18062017,36.88,61,1,0,61,2010.767696,3192.181216,RSU1,2010.767696,2010.767696,293.2720337
11/19/2025 16:28,0,0,0,0,36.11592625,-97.18040448,43.34,62,1,0,62,1991.409804,3172.811807,RSU1,1991.409804,1991.409804,292.131897
11/19/2025 16:28,0,0,0,0,36.11592183,-97.1801597,49.2,63,1,0,63,1969.451415,3150.834782,RSU1,1969.451415,1969.451415,290.9312744
11/19/2025 16:28,0,0,0,0,36.11591648,-97.17988576,55.06,64,1,0,64,1944.879671,3126.240691,RSU1,1944.879671,1944.879671,289.7984009
11/19/2025 16:28,0,0,0,0,36.11590994,-97.17958953,59.55,65,1,0,65,1918.312788,3099.647182,RSU1,1918.312788,1918.312788,288.5892944
11/19/2025 16:28,0,0,0,0,36.1159024,-97.17927596,63.03,66,1,0,66,1890.19491,3071.498662,RSU1,1890.19491,1890.19491,287.7539368
11/19/2025 16:28,0,0,0,0,36.11589519,-97.17894624,66.28,67,1,0,67,1860.627836,3041.89959,RSU1,1860.627836,1860.627836,286.8622437
11/19/2025 16:28,0,0,0,0,36.11588713,-97.17859983,69.63,68,1,0,68,1829.568336,3010.803837,RSU1,1829.568336,1829.568336,285.9715881
11/19/2025 16:28,0,0,0,0,36.11588147,-97.17823591,73.14,69,1,0,69,1796.928978,2978.131253,RSU1,1796.928978,1796.928978,284.9378357
11/19/2025 16:28,0,0,0,0,36.1158742,-97.17785912,75.73,70,1,0,70,1763.143963,2944.306705,RSU1,1763.143963,1763.143963,284.0188904
11/19/2025 16:28,0,0,0,0,36.11586715,-97.17747158,77.89,71,1,0,71,1728.395883,2909.516939,RSU1,1728.395883,1728.395883,282.9661865
11/19/2025 16:28,0,0,0,0,36.11586083,-97.17707798,79.1,72,1,0,72,1693.103372,2874.182039,RSU1,1693.103372,1693.103372,281.9656067
11/19/2025 16:28,0,0,0,0,36.11585881,-97.17668288,79.39,73,1,0,73,1657.657746,2838.703379,RSU1,1657.657746,1657.657746,280.9400635
11/19/2025 16:28,0,0,0,0,36.11585698,-97.17628236,80.48,74,1,0,74,1621.726783,2802.737838,RSU1,1621.726783,1621.726783,280.2067566
11/19/2025 16:28,0,0,0,0,36.11585498,-97.17587691,81.47,75,1,0,75,1585.356472,2766.33026,RSU1,1585.356472,1585.356472,279.6742554
11/19/2025 16:28,0,0,0,0,36.11585655,-97.17547063,81.64,76,1,0,76,1548.894911,2729.840064,RSU1,1548.894911,1548.894911,279.3262024
11/19/2025 16:28,0,0,0,0,36.11585852,-97.17506189,82.13,77,1,0,77,1512.212069,2693.128124,RSU1,1512.212069,1512.212069,279.0823364
11/19/2025 16:28,0,0,0,0,36.11586312,-97.17465431,81.91,78,1,0,78,1475.620304,2656.514186,RSU1,1475.620304,1475.620304,278.9917603
11/19/2025 16:28,0,0,0,0,36.11586648,-97.17424273,82.7,79,1,0,79,1438.677901,2619.544031,RSU1,1438.677901,1438.677901,279.0311584
11/19/2025 16:28,0,0,0,0,36.11586963,-97.17382642,83.65,80,1,0,80,1401.313998,2582.149677,RSU1,1401.313998,1401.313998,279.0964355
11/19/2025 16:28,0,0,0,0,36.11587174,-97.17341014,83.65,81,1,0,81,1363.96077,2544.760642,RSU1,1363.96077,1363.96077,279.1341858
11/19/2025 16:28,0,0,0,0,36.11587305,-97.17298976,84.47,82,1,0,82,1326.246941,2507.005524,RSU1,1326.246941,1326.246941,273.743103
11/19/2025 16:28,0,0,0,0,36.11587083,-97.17257158,84.03,83,1,0,83,1288.755329,2469.457047,RSU1,1288.755329,1288.755329,279.0599365
11/19/2025 16:28,0,0,0,0,36.11586638,-97.17215619,83.47,84,1,0,84,1251.532762,2432.165356,RSU1,1251.532762,1251.532762,278.8299561
11/19/2025 16:28,0,0,0,0,36.11586242,-97.17174363,82.9,85,1,0,85,1214.566355,2395.127259,RSU1,1214.566355,1214.566355,278.5230408
11/19/2025 16:28,0,0,0,0,36.11585712,-97.17133131,82.86,86,1,0,86,1177.636817,2358.115069,RSU1,1177.636817,1177.636817,278.2001038
11/19/2025 16:28,0,0,0,0,36.11585296,-97.17091802,83.05,87,1,0,87,1140.61928,2321.01354,RSU1,1140.61928,1140.61928,278.1773376
11/19/2025 16:28,0,0,0,0,36.11585136,-97.17050388,83.22,88,1,0,88,1103.513537,2283.829239,RSU1,1103.513537,1103.513537,278.4865417
11/19/2025 16:28,0,0,0,0,36.1158471,-97.1700887,83.43,89,1,0,89,1066.342129,2246.559802,RSU1,1066.342129,1066.342129,279.0234375
11/19/2025 16:28,0,0,0,0,36.11584102,-97.16967296,83.55,90,1,0,90,1029.144584,2209.246429,RSU1,1029.144584,1029.144584,279.9692383
11/19/2025 16:28,0,0,0,0,36.11583716,-97.16925727,83.53,91,1,0,91,991.9439088,2171.932008,RSU1,991.9439088,991.9439088,281.4276733
11/19/2025 16:28,0,0,0,0,36.11583751,-97.16884189,83.46,92,1,0,92,954.7444006,2134.633248,RSU1,954.7444006,954.7444006,282.6891785
11/19/2025 16:28,0,0,0,0,36.11583871,-97.16842692,83.38,93,1,0,93,917.582847,2097.369085,RSU1,917.582847,917.582847,284.008606
11/19/2025 16:28,0,0,0,0,36.11583829,-97.16800771,84.23,94,1,0,94,880.0671024,2059.729825,RSU1,880.0671024,880.0671024,285.4825439
11/19/2025 16:28,0,0,0,0,36.11583647,-97.16759093,83.75,95,1,0,95,842.7953809,2022.313966,RSU1,842.7953809,842.7953809,286.6065979
11/19/2025 16:28,0,0,0,0,36.11583605,-97.1671757,83.44,96,1,0,96,805.6628627,1985.033418,RSU1,805.6628627,805.6628627,287.3686218
11/19/2025 16:28,0,0,0,0,36.11583535,-97.16676576,82.37,97,1,0,97,769.0223276,1948.229468,RSU1,769.0223276,769.0223276,287.8026733
11/19/2025 16:28,0,0,0,0,36.11583588,-97.16635357,82.82,98,1,0,98,732.1847943,1911.219969,RSU1,732.1847943,732.1847943,288.6855469
11/19/2025 16:28,0,0,0,0,36.11583448,-97.16594053,83,99,1,0,99,695.315008,1874.141641,RSU1,695.315008,695.315008,289.7481079
11/19/2025 16:28,0,0,0,0,36.11583285,-97.1655258,83.33,100,1,0,100,658.3235341,1836.913381,RSU1,658.3235341,658.3235341,290.4224243
11/19/2025 16:28,0,0,0,0,36.11583144,-97.16510637,84.28,101,1,0,101,620.9414675,1799.263416,RSU1,620.9414675,620.9414675,291.0971375
11/19/2025 16:28,0,0,0,0,36.1158286,-97.16468376,84.92,102,1,0,102,583.335173,1761.334549,RSU1,583.335173,583.335173,291.5741882
11/19/2025 16:28,0,0,0,0,36.11582768,-97.16425712,85.73,103,1,0,103,545.3895055,1723.03786,RSU1,545.3895055,545.3895055,291.6004944
11/19/2025 16:28,4096,4096,10.45,1,36.11582812,-97.16382587,86.65,104,1,1,0,507.0682556,1684.323108,RSU1,507.0682556,507.0682556,291.2822876
11/19/2025 16:28,4096,0,10.45,1,36.11582895,-97.16339497,86.58,105,1,0,1,468.8392626,1645.639249,RSU1,468.8392626,468.8392626,290.7824097
11/19/2025 16:28,8192,4096,20.9,1,36.11583081,-97.16296756,85.88,106,1,1,0,430.9833665,1607.265431,RSU1,430.9833665,430.9833665,289.9774475
11/19/2025 16:28,8192,0,20.9,1,36.11582998,-97.16247391,99.19,107,1,0,1,387.4581035,1562.958383,RSU1,387.4581035,387.4581035,288.6183472
11/19/2025 16:28,8192,0,10.45,1,36.11582878,-97.16205377,84.42,108,1,0,2,350.5877722,1525.252957,RSU1,350.5877722,350.5877722,287.7368469
11/19/2025 16:28,12288,4096,20.9,1,36.11582888,-97.16163644,83.86,109,1,1,0,314.1330509,1487.795584,RSU1,314.1330509,314.1330509,286.8351135
11/19/2025 16:28,12288,0,10.45,1,36.115828,-97.16122081,83.51,110,1,0,1,278.1301046,1450.496868,RSU1,278.1301046,278.1301046,285.9735718
11/19/2025 16:28,12288,0,10.45,1,36.11582746,-97.16080914,82.72,111,1,0,2,242.8550659,1413.5538,RSU1,242.8550659,242.8550659,285.1537476
11/19/2025 16:28,16384,4096,20.9,1,36.11582768,-97.16039759,82.7,112,1,1,0,208.150671,1376.619689,RSU1,208.150671,208.150671,284.4959412
11/19/2025 16:28,16384,0,10.45,1,36.11582737,-97.15998629,82.64,113,1,0,1,174.4254062,1339.712543,RSU1,174.4254062,174.4254062,283.6585083
11/19/2025 16:28,16384,0,10.45,1,36.11582659,-97.15957811,82.02,114,1,0,2,142.5717908,1303.089955,RSU1,142.5717908,142.5717908,282.7177124
11/19/2025 16:28,20480,4096,20.9,1,36.11582739,-97.1591705,81.9,115,1,1,0,113.574123,1266.512553,RSU1,113.574123,113.574123,281.4824829
11/19/2025 16:28,20480,0,10.45,1,36.11582747,-97.15876148,82.19,116,1,0,1,90.29574104,1229.814777,RSU1,90.29574104,90.29574104,280.3494263
11/19/2025 16:28,20480,0,10.45,1,36.11582833,-97.15835181,82.32,117,1,0,2,78.0560769,1193.056922,RSU1,78.0560769,78.0560769,279.1212158
11/19/2025 16:28,24576,4096,20.9,1,36.11582658,-97.15794393,81.96,118,1,1,0,82.32100215,1156.477465,RSU1,82.32100215,82.32100215,277.9378662
11/19/2025 16:28,24576,0,10.45,1,36.11582521,-97.15753435,82.3,119,1,0,1,100.7893091,1119.747106,RSU1,100.7893091,100.7893091,276.4694519
11/19/2025 16:29,24576,0,10.45,1,36.11582281,-97.15712099,83.06,120,1,0,2,127.8040173,1082.688335,RSU1,127.8040173,127.8040173,275.673584
11/19/2025 16:29,28672,4096,20.9,1,36.1158214,-97.156706,83.39,121,1,1,0,159.0283136,1045.482093,RSU1,159.0283136,159.0283136,275.2006226
11/19/2025 16:29,28672,0,10.45,1,36.11582152,-97.15628809,83.97,122,1,0,1,192.5900078,1008.008932,RSU1,192.5900078,192.5900078,275.023407
11/19/2025 16:29,28672,0,10.45,1,36.1158212,-97.15587088,83.83,123,1,0,2,227.3565516,970.6067142,RSU1,227.3565516,227.3565516,274.9908752
11/19/2025 16:29,32768,4096,20.9,1,36.11582095,-97.15545233,84.1,124,1,1,0,262.9814383,933.0898229,RSU1,262.9814383,262.9814383,274.9335632
11/19/2025 16:29,32768,0,10.45,1,36.11581899,-97.15503291,84.28,125,1,0,1,299.2146974,895.5147032,RSU1,299.2146974,299.2146974,275.2408142
11/19/2025 16:29,32768,0,10.45,1,36.11581786,-97.15461598,83.78,126,1,0,2,335.5264798,858.1648318,RSU1,335.5264798,335.5264798,275.5748596
11/19/2025 16:29,36864,4096,20.9,1,36.11581676,-97.15420042,83.5,127,1,1,0,371.9432712,820.9466691,RSU1,371.9432712,371.9432712,276.039917
11/19/2025 16:29,36864,0,10.45,1,36.1158174,-97.15378473,83.53,128,1,0,1,408.4987602,783.7120816,RSU1,408.4987602,408.4987602,276.6508484
11/19/2025 16:29,36864,0,10.45,1,36.11581686,-97.15336859,83.62,129,1,0,2,445.2474336,746.4585688,RSU1,445.2474336,445.2474336,277.4432068
11/19/2025 16:29,40960,4096,20.9,1,36.11581713,-97.1529514,83.83,130,1,1,0,482.1715525,709.1165856,RSU1,482.1715525,482.1715525,278.1733398
11/19/2025 16:29,40960,0,10.45,1,36.11581701,-97.1525396,82.74,131,1,0,1,518.702566,672.2754623,RSU1,518.702566,518.702566,278.7936401
11/19/2025 16:29,40960,0,10.45,1,36.11581712,-97.15212502,83.3,132,1,0,2,555.5379593,635.2006553,RSU1,555.5379593,555.5379593,279.4428101
11/19/2025 16:29,45056,4096,20.9,1,36.11581686,-97.15171383,82.62,133,1,1,0,592.1276125,598.4535099,RSU1,592.1276125,592.1276125,280.1608582
11/19/2025 16:29,45056,0,10.45,1,36.11581619,-97.1513133,80.48,134,1,0,1,627.8134522,562.6878353,RSU2,562.6878353,562.6878353,280.9911804
11/19/2025 16:29,45056,0,10.45,1,36.11581347,-97.15092598,77.83,135,1,0,2,662.3798935,528.1562514,RSU2,528.1562514,528.1562514,282.2011108
11/19/2025 16:29,45056,0,10.45,1,36.11581243,-97.15055476,74.59,136,1,0,3,695.5107799,495.0724469,RSU2,495.0724469,495.0724469,283.4293213
11/19/2025 16:29,49152,4096,10.45,1,36.11581562,-97.15019073,73.15,137,1,1,0,727.9680833,462.6030554,RSU2,462.6030554,462.6030554,284.5708618
11/19/2025 16:29,49152,0,10.45,1,36.11582374,-97.14982723,73.07,138,1,0,1,760.3424784,430.1378657,RSU2,430.1378657,430.1378657,285.7025452
11/19/2025 16:29,53248,4096,20.9,1,36.11584333,-97.1494622,73.51,139,1,1,0,792.754369,397.3787174,RSU2,397.3787174,397.3787174,286.2657166
11/19/2025 16:29,53248,0,20.9,1,36.1158683,-97.14909891,73.26,140,1,0,1,824.9929189,364.7000355,RSU2,364.7000355,364.7000355,287.0037842
11/19/2025 16:29,57344,4096,20.9,1,36.11588968,-97.14874051,72.21,141,1,1,0,856.8653579,332.5333126,RSU2,332.5333126,332.5333126,287.5383606
11/19/2025 16:29,57344,0,20.9,1,36.11590959,-97.14838665,71.27,142,1,0,1,888.3732741,300.8209218,RSU2,300.8209218,300.8209218,287.9332275
11/19/2025 16:29,61440,4096,20.9,1,36.11592657,-97.14802905,71.98,143,1,1,0,920.264223,268.8736308,RSU2,268.8736308,268.8736308,288.0333557
11/19/2025 16:29,65536,4096,31.35,1,36.11593416,-97.14767256,71.66,144,1,1,0,952.1464959,237.2982702,RSU2,237.2982702,237.2982702,288.262085
11/19/2025 16:29,65536,0,20.9,1,36.11593608,-97.1473163,71.59,145,1,0,1,984.0597499,206.0319342,RSU2,206.0319342,206.0319342,288.730835
11/19/2025 16:29,69632,4096,31.35,1,36.11593601,-97.14696521,70.55,146,1,1,0,1015.529414,175.5391845,RSU2,175.5391845,175.5391845,288.9606934
11/19/2025 16:29,73728,4096,31.35,1,36.11593367,-97.1466197,69.43,147,1,1,0,1046.518731,146.0490319,RSU2,146.0490319,146.0490319,288.8647461
11/19/2025 16:29,73728,0,20.9,1,36.11593236,-97.14627493,69.28,148,1,0,1,1077.437418,117.3719498,RSU2,117.3719498,117.3719498,288.8924866
11/19/2025 16:29,77824,4096,31.35,1,36.11593015,-97.14592869,69.57,149,1,1,0,1108.496732,90.16708746,RSU2,90.16708746,90.16708746,288.8829956
11/19/2025 16:29,77824,0,20.9,1,36.11592757,-97.14558136,69.79,150,1,0,1,1139.658535,66.43867089,RSU2,66.43867089,66.43867089,288.7590637
11/19/2025 16:29,77824,0,10.45,1,36.11592574,-97.1452374,69.12,151,1,0,2,1170.515424,51.42803645,RSU2,51.42803645,51.42803645,288.5542908
11/19/2025 16:29,81920,4096,20.9,1,36.11592506,-97.14490003,67.79,152,1,1,0,1200.776228,52.45856654,RSU2,52.45856654,52.45856654,288.3665771
11/19/2025 16:29,81920,0,10.45,1,36.1159227,-97.14456672,66.98,153,1,0,1,1230.685202,68.41136388,RSU2,68.41136388,68.41136388,288.0840759
11/19/2025 16:29,81920,0,10.45,1,36.11591997,-97.14423709,66.24,154,1,0,2,1260.267809,91.40465367,RSU2,91.40465367,91.40465367,287.8294678
11/19/2025 16:29,86016,4096,20.9,1,36.115917,-97.1439112,65.49,155,1,1,0,1289.517628,117.1099362,RSU2,117.1099362,117.1099362,287.5899963
11/19/2025 16:29,86016,0,10.45,1,36.1159148,-97.14359103,64.34,156,1,0,1,1318.251038,143.6721207,RSU2,143.6721207,143.6721207,287.3456116
11/19/2025 16:29,86016,0,10.45,1,36.11591267,-97.14327195,64.12,157,1,0,2,1346.887429,170.8514949,RSU2,170.8514949,170.8514949,287.137146
11/19/2025 16:29,90112,4096,20.9,1,36.1159119,-97.14295009,64.67,158,1,1,0,1375.766805,198.6509205,RSU2,198.6509205,198.6509205,286.8408508
11/19/2025 16:29,90112,0,10.45,1,36.11591059,-97.14261973,66.38,159,1,0,1,1405.413043,227.4860385,RSU2,227.4860385,227.4860385,286.4790955
11/19/2025 16:29,90112,0,10.45,1,36.1159078,-97.14227966,68.33,160,1,0,2,1435.939567,257.4003575,RSU2,257.4003575,257.4003575,286.2224121
11/19/2025 16:29,94208,4096,20.9,1,36.11590435,-97.14193388,69.48,161,1,1,0,1466.982811,287.9658694,RSU2,287.9658694,287.9658694,286.0107422
11/19/2025 16:29,94208,0,10.45,1,36.11590191,-97.14158668,69.77,162,1,0,1,1498.149055,318.7348784,RSU2,318.7348784,318.7348784,285.8019714
11/19/2025 16:29,94208,0,10.45,1,36.11590099,-97.14123696,70.27,163,1,0,2,1529.534651,349.7767289,RSU2,349.7767289,349.7767289,285.5445862
11/19/2025 16:29,98304,4096,20.9,1,36.11589942,-97.14088127,71.47,164,1,1,0,1561.460346,381.4207299,RSU2,381.4207299,381.4207299,285.275177
11/19/2025 16:29,98304,0,10.45,1,36.11589891,-97.14052075,72.44,165,1,0,1,1593.81532,413.5272438,RSU2,413.5272438,413.5272438,284.8409119
11/19/2025 16:29,98304,0,10.45,1,36.11589789,-97.14015862,72.76,166,1,0,2,1626.318375,445.8242369,RSU2,445.8242369,445.8242369,284.7648621
11/19/2025 16:29,102400,4096,20.9,1,36.11589752,-97.13979597,72.87,167,1,1,0,1658.86606,478.1911089,RSU2,478.1911089,478.1911089,284.4996643
11/19/2025 16:29,102400,0,10.45,1,36.11589807,-97.13943247,73.04,168,1,0,1,1691.486868,510.649877,RSU2,510.649877,510.649877,284.2740784
11/19/2025 16:29,102400,0,10.45,1,36.11589878,-97.13906717,73.4,169,1,0,2,1724.26968,543.2909852,RSU2,543.2909852,543.2909852,284.0738831
11/19/2025 16:29,102400,0,10.45,1,36.11589872,-97.1387048,72.81,170,1,0,3,1756.794055,575.6974166,RSU2,575.6974166,575.6974166,283.9361877
11/19/2025 16:29,102400,0,0,0,36.11589903,-97.13834653,71.99,171,1,0,4,1788.949756,607.7487406,RSU2,607.7487406,607.7487406,283.8109436
11/19/2025 16:29,106496,4096,10.45,1,36.11589828,-97.13798895,71.85,172,1,1,0,1821.048969,639.7611064,RSU2,639.7611064,639.7611064,283.5717773
11/19/2025 16:29,106496,0,10.45,1,36.11589568,-97.13763062,72,173,1,0,1,1853.224006,671.8671086,RSU2,671.8671086,671.8671086,283.4089966
11/19/2025 16:29,106496,0,10.45,1,36.11588964,-97.13727763,70.95,174,1,0,2,1884.934515,703.5314373,RSU2,703.5314373,703.5314373,283.3162842
11/19/2025 16:29,106496,0,10.45,1,36.11587698,-97.13692716,70.49,175,1,0,3,1916.446589,735.0291648,RSU2,735.0291648,735.0291648,283.1053772
11/19/2025 16:29,106496,0,0,0,36.11586148,-97.13657706,70.45,176,1,0,4,1947.937457,766.5183282,RSU2,766.5183282,766.5183282,282.9761353
11/19/2025 16:29,106496,0,0,0,36.11584329,-97.13622602,70.68,177,1,0,5,1979.52432,798.1141846,RSU2,798.1141846,798.1141846,282.9259338
11/19/2025 16:29,106496,0,0,0,36.11582746,-97.13587349,70.94,178,1,0,6,2011.235093,829.8244445,RSU2,829.8244445,829.8244445,282.7072449
11/19/2025 16:29,106496,0,0,0,36.11581697,-97.13552312,70.45,179,1,0,7,2042.729092,861.2987865,RSU2,861.2987865,861.2987865,282.5389404
11/19/2025 16:30,106496,0,0,0,36.11581141,-97.13511623,81.77,180,1,0,8,2079.275232,897.8006885,RSU2,897.8006885,897.8006885,282.2797241
11/19/2025 16:30,106496,0,0,0,36.1158124,-97.13477142,69.28,181,1,0,9,2110.221702,928.6939394,RSU2,928.6939394,928.6939394,281.8361511
11/19/2025 16:30,106496,0,0,0,36.11581405,-97.13443072,68.46,182,1,0,10,2140.797287,959.2191731,RSU2,959.2191731,959.2191731,281.5054016
11/19/2025 16:30,106496,0,0,0,36.11581584,-97.13410142,66.17,183,1,0,11,2170.349772,988.7262996,RSU2,988.7262996,988.7262996,281.0454407
11/19/2025 16:30,106496,0,0,0,36.11581553,-97.13378872,62.83,184,1,0,12,2198.421247,1016.7635,RSU2,1016.7635,1016.7635,280.5794678
11/19/2025 16:30,106496,0,0,0,36.11581743,-97.13347782,62.47,185,1,0,13,2226.322837,1044.627509,RSU2,1044.627509,1044.627509,280.1808167
11/19/2025 16:30,106496,0,0,0,36.11581917,-97.13316216,63.43,186,1,0,14,2254.653006,1072.92272,RSU2,1072.92272,1072.92272,280.0113525
11/19/2025 16:30,106496,0,0,0,36.11582073,-97.13284148,64.44,187,1,0,15,2283.435141,1101.672354,RSU2,1101.672354,1101.672354,279.5610352
11/19/2025 16:30,106496,0,0,0,36.11582102,-97.13251624,65.35,188,1,0,16,2312.632035,1130.841511,RSU2,1130.841511,1130.841511,279.3665466
11/19/2025 16:30,106496,0,0,0,36.11582101,-97.13218864,65.83,189,1,0,17,2342.04237,1160.226433,RSU2,1160.226433,1160.226433,279.2681885
11/19/2025 16:30,106496,0,0,0,36.11582193,-97.13186467,65.1,190,1,0,18,2371.123801,1189.282469,RSU2,1189.282469,1189.282469,279.1752014
11/19/2025 16:30,106496,0,0,0,36.11582287,-97.13155321,62.58,191,1,0,19,2399.082508,1217.218234,RSU2,1217.218234,1217.218234,279.3364563
11/19/2025 16:30,106496,0,0,0,36.1158291,-97.13127234,56.46,192,1,0,20,2424.276357,1242.382631,RSU2,1242.382631,1242.382631,279.2732544
11/19/2025 16:30,106496,0,0,0,36.11583979,-97.13103308,48.15,193,1,0,21,2445.719738,1263.793131,RSU2,1263.793131,1263.793131,279.2697449
11/19/2025 16:30,106496,0,0,0,36.11584488,-97.13084196,38.42,194,1,0,22,2462.861449,1280.916023,RSU2,1280.916023,1280.916023,279.2949219
11/19/2025 16:30,106496,0,0,0,36.1158477,-97.13070146,28.24,195,1,0,23,2475.466452,1293.509285,RSU2,1293.509285,1293.509285,279.1549072
11/19/2025 16:30,106496,0,0,0,36.11585832,-97.13062282,16.02,196,1,0,24,2482.491373,1300.51357,RSU2,1300.51357,1300.51357,278.8764038
11/19/2025 16:30,106496,0,0,0,36.1158819,-97.13057985,10.44,197,1,0,25,2486.27228,1304.257296,RSU2,1304.257296,1304.257296,278.5737305
11/19/2025 16:30,106496,0,0,0,36.115914,-97.13055519,9.4,198,1,0,26,2488.385917,1306.326185,RSU2,1306.326185,1306.326185,278.1937256
11/19/2025 16:30,106496,0,0,0,36.11593963,-97.13054225,6.88,199,1,0,27,2489.471253,1307.379532,RSU2,1307.379532,1307.379532,277.9137268
11/19/2025 16:30,106496,0,0,0,36.11595904,-97.13053417,5.09,200,1,0,28,2490.140991,1308.027127,RSU2,1308.027127,1308.027127,277.8937378
11/19/2025 16:30,106496,0,0,0,36.11597405,-97.13053009,3.82,201,1,0,29,2490.465495,1308.335753,RSU2,1308.335753,1308.335753,277.7137146
11/19/2025 16:30,106496,0,0,0,36.11598045,-97.13052844,1.62,202,1,0,30,2490.596152,1308.459955,RSU2,1308.459955,1308.459955,277.7137146
11/19/2025 16:30,106496,0,0,0,36.11598115,-97.13052836,0.17,203,1,0,31,2490.601433,1308.464543,RSU2,1308.464543,1308.464543,277.7137146
11/19/2025 16:30,106496,0,0,0,36.11598111,-97.13052784,0.11,204,1,0,32,2490.648237,1308.511375,RSU2,1308.511375,1308.511375,277.7137146
11/19/2025 16:30,106496,0,0,0,36.11598115,-97.13052778,0.02,205,1,0,33,2490.653516,1308.516613,RSU2,1308.516613,1308.516613,277.7137146
11/19/2025 16:30,106496,0,0,0,36.11598116,-97.1305278,0,206,1,0,34,2490.651693,1308.514781,RSU2,1308.514781,1308.514781,277.7137146
11/19/2025 16:30,106496,0,0,0,36.11598116,-97.13052781,0,207,1,0,35,2490.650795,1308.513883,RSU2,1308.513883,1308.513883,277.7137146
11/19/2025 16:30,106496,0,0,0,36.11598117,-97.13052783,0,208,1,0,36,2490.648972,1308.512051,RSU2,1308.512051,1308.512051,277.7137146
11/19/2025 16:30,106496,0,0,0,36.11598117,-97.13052784,0,209,1,0,37,2490.648074,1308.511153,RSU2,1308.511153,1308.511153,277.7137146
11/19/2025 16:30,106496,0,0,0,36.11598117,-97.13052784,0,210,1,0,38,2490.648074,1308.511153,RSU2,1308.511153,1308.511153,277.7137146
11/19/2025 16:30,106496,0,0,0,36.11598117,-97.13052784,0,211,1,0,39,2490.648074,1308.511153,RSU2,1308.511153,1308.511153,277.7137146
11/19/2025 16:30,106496,0,0,0,36.11598117,-97.13052783,0,212,1,0,40,2490.648972,1308.512051,RSU2,1308.512051,1308.512051,277.7137146
11/19/2025 16:30,106496,0,0,0,36.11599038,-97.13052712,2.3,213,1,0,41,2490.687921,1308.542105,RSU2,1308.542105,1308.542105,277.7137146
11/19/2025 16:30,106496,0,0,0,36.11600782,-97.13052684,4.34,214,1,0,42,2490.667241,1308.505647,RSU2,1308.505647,1308.505647,277.5937195
11/19/2025 16:30,106496,0,0,0,36.11603697,-97.13054261,7.91,215,1,0,43,2489.177802,1306.993126,RSU2,1306.993126,1306.993126,277.4337158
11/19/2025 16:30,106496,0,0,0,36.11606751,-97.13058385,11.24,216,1,0,44,2485.401932,1303.197316,RSU2,1303.197316,1303.197316,277.4337158
11/19/2025 16:30,106496,0,0,0,36.11608956,-97.13066095,16.43,217,1,0,45,2478.428342,1296.21219,RSU2,1296.21219,1296.21219,277.4737244
11/19/2025 16:30,106496,0,0,0,36.11609991,-97.13077727,23.51,218,1,0,46,2467.959335,1285.739063,RSU2,1285.739063,1285.739063,277.6029053
11/19/2025 16:30,106496,0,0,0,36.11610269,-97.13092653,30,219,1,0,47,2454.548444,1272.328079,RSU2,1272.328079,1272.328079,277.7229004
11/19/2025 16:30,106496,0,0,0,36.11610468,-97.13109935,34.73,220,1,0,48,2439.023342,1256.803468,RSU2,1256.803468,1256.803468,277.8085327
11/19/2025 16:30,106496,0,0,0,36.1161044,-97.13130311,40.94,221,1,0,49,2420.72445,1238.506507,RSU2,1238.506507,1238.506507,277.9463196
11/19/2025 16:30,106496,0,0,0,36.11610387,-97.13152921,45.43,222,1,0,50,2400.419839,1218.204298,RSU2,1218.204298,1218.204298,278.1206665
11/19/2025 16:30,106496,0,0,0,36.11610114,-97.13177926,50.25,223,1,0,51,2377.969279,1195.757838,RSU2,1195.757838,1195.757838,278.2911682
11/19/2025 16:30,106496,0,0,0,36.11609854,-97.1320466,53.72,224,1,0,52,2353.965889,1171.759068,RSU2,1171.759068,1171.759068,278.3629456
11/19/2025 16:30,106496,0,0,0,36.11609823,-97.13233215,57.38,225,1,0,53,2328.32213,1146.119057,RSU2,1146.119057,1146.119057,278.6106873
11/19/2025 16:30,106496,0,0,0,36.11609869,-97.13263175,60.2,226,1,0,54,2301.414944,1119.215575,RSU2,1119.215575,1119.215575,278.9008484
11/19/2025 16:30,106496,0,0,0,36.11610032,-97.13294332,62.61,227,1,0,55,2273.430163,1091.234088,RSU2,1091.234088,1091.234088,279.1913452
11/19/2025 16:30,106496,0,0,0,36.11609988,-97.13326862,65.36,228,1,0,56,2244.217286,1062.026656,RSU2,1062.026656,1062.026656,279.3317566
11/19/2025 16:30,106496,0,0,0,36.11610025,-97.13360554,67.7,229,1,0,57,2213.959134,1031.773983,RSU2,1031.773983,1031.773983,279.6166687
11/19/2025 16:30,106496,0,0,0,36.11609821,-97.13395428,70.08,230,1,0,58,2182.645502,1000.468879,RSU2,1000.468879,1000.468879,279.7884216
11/19/2025 16:30,106496,0,0,0,36.11609505,-97.13430836,71.15,231,1,0,59,2150.855477,968.689696,RSU2,968.689696,968.689696,280.0838623
11/19/2025 16:30,106496,0,0,0,36.1160932,-97.13466393,71.45,232,1,0,60,2118.928841,936.7738232,RSU2,936.7738232,936.7738232,280.3833313
11/19/2025 16:30,106496,0,0,0,36.1160925,-97.13501247,70.03,233,1,0,61,2087.630952,905.4863487,RSU2,905.4863487,905.4863487,280.5782471
11/19/2025 16:30,106496,0,0,0,36.11609319,-97.13536261,70.35,234,1,0,62,2056.186052,874.0512088,RSU2,874.0512088,874.0512088,280.8591309
11/19/2025 16:30,106496,0,0,0,36.11609423,-97.1357178,71.37,235,1,0,63,2024.286945,842.1625608,RSU2,842.1625608,842.1625608,281.162384
11/19/2025 16:30,106496,0,0,0,36.11609373,-97.13607685,72.15,236,1,0,64,1992.045549,809.9352902,RSU2,809.9352902,809.9352902,281.4190063
11/19/2025 16:30,106496,0,0,0,36.11609218,-97.1364382,72.61,237,1,0,65,1959.600842,777.5083034,RSU2,777.5083034,777.5083034,281.7511597
11/19/2025 16:30,106496,0,0,0,36.11609153,-97.13680479,73.66,238,1,0,66,1926.683557,744.6096301,RSU2,744.6096301,744.6096301,282.0556641
11/19/2025 16:30,106496,0,0,0,36.11609069,-97.13717418,74.22,239,1,0,67,1893.515801,711.4634512,RSU2,711.4634512,711.4634512,282.2362671
11/19/2025 16:31,106496,0,0,0,36.1160899,-97.13754706,74.93,240,1,0,68,1860.03498,678.0072515,RSU2,678.0072515,678.0072515,282.5518188
11/19/2025 16:31,106496,0,0,0,36.11608924,-97.13792083,75.1,241,1,0,69,1826.474351,644.4744596,RSU2,644.4744596,644.4744596,282.8517761
11/19/2025 16:31,106496,0,0,0,36.11608836,-97.13829405,74.99,242,1,0,70,1792.964283,610.9968253,RSU2,610.9968253,610.9968253,283.0982971
11/19/2025 16:31,106496,0,0,0,36.11608782,-97.13866364,74.26,243,1,0,71,1759.779673,577.848186,RSU2,577.848186,577.848186,283.3961792
11/19/2025 16:31,110592,4096,10.45,1,36.11608987,-97.13903126,73.87,244,1,1,0,1726.764367,544.8656446,RSU2,544.8656446,544.8656446,283.6138916
11/19/2025 16:31,110592,0,10.45,1,36.11609256,-97.13939887,73.87,245,1,0,1,1693.748211,511.8848339,RSU2,511.8848339,511.8848339,284.0140686
11/19/2025 16:31,110592,0,10.45,1,36.11609211,-97.13976545,73.66,246,1,0,2,1660.8349,479.0246296,RSU2,479.0246296,479.0246296,284.199646
11/19/2025 16:31,110592,0,10.45,1,36.11608782,-97.14019595,86.51,247,1,0,3,1622.195849,440.4774617,RSU2,440.4774617,440.4774617,284.6448669
11/19/2025 16:31,114688,4096,10.45,1,36.1160864,-97.14056357,73.87,248,1,1,0,1589.194123,407.5599401,RSU2,407.5599401,407.5599401,284.980896
11/19/2025 16:31,114688,0,10.45,1,36.11608466,-97.14093107,73.85,249,1,0,1,1556.205156,374.6746042,RSU2,374.6746042,374.6746042,285.0551758
11/19/2025 16:31,114688,0,10.45,1,36.11608429,-97.14129767,73.66,250,1,0,2,1523.293042,341.8797941,RSU2,341.8797941,341.8797941,285.4445801
11/19/2025 16:31,118784,4096,20.9,1,36.11608551,-97.14166546,73.9,251,1,1,0,1490.269064,308.9891677,RSU2,308.9891677,308.9891677,285.5419617
11/19/2025 16:31,118784,0,10.45,1,36.11608821,-97.14202974,73.2,252,1,0,1,1457.555293,276.4279335,RSU2,276.4279335,276.4279335,285.790741
11/19/2025 16:31,118784,0,10.45,1,36.1160919,-97.14239257,72.91,253,1,0,2,1424.968389,244.0251348,RSU2,244.0251348,244.0251348,285.9898682
11/19/2025 16:31,122880,4096,20.9,1,36.11609388,-97.14275506,72.84,254,1,1,0,1392.418897,211.7389888,RSU2,211.7389888,211.7389888,286.4190979
11/19/2025 16:31,122880,0,10.45,1,36.11609502,-97.14311716,72.76,255,1,0,1,1359.90829,179.602904,RSU2,179.602904,179.602904,286.7171631
11/19/2025 16:31,122880,0,10.45,1,36.11609642,-97.14347735,72.38,256,1,0,2,1327.56886,147.7996009,RSU2,147.7996009,147.7996009,286.8793945
11/19/2025 16:31,126976,4096,20.9,1,36.11609934,-97.14383579,72.03,257,1,1,0,1295.381082,116.408467,RSU2,116.408467,116.408467,287.3099976
11/19/2025 16:31,126976,0,10.45,1,36.11610206,-97.14418948,71.07,258,1,0,1,1263.621072,86.02683237,RSU2,86.02683237,86.02683237,287.549469
11/19/2025 16:31,126976,0,10.45,1,36.11610549,-97.14453682,69.8,259,1,0,2,1232.428662,57.62446701,RSU2,57.62446701,57.62446701,287.9640503
11/19/2025 16:31,131072,4096,20.9,1,36.11611019,-97.14487823,68.61,260,1,1,0,1201.763604,34.62914591,RSU2,34.62914591,34.62914591,288.186554
11/19/2025 16:31,131072,0,10.45,1,36.11611365,-97.1452118,67.03,261,1,0,1,1171.807991,30.83703094,RSU2,30.83703094,30.83703094,288.3542786
11/19/2025 16:31,131072,0,10.45,1,36.11611469,-97.14554636,67.22,262,1,0,2,1141.774792,50.21160871,RSU2,50.21160871,50.21160871,288.5790405
11/19/2025 16:31,135168,4096,20.9,1,36.11611564,-97.14588349,67.74,263,1,1,0,1111.51238,77.01509731,RSU2,77.01509731,77.01509731,288.6439819
11/19/2025 16:31,135168,0,10.45,1,36.11611663,-97.14622523,68.67,264,1,0,1,1080.837211,106.112375,RSU2,106.112375,106.112375,288.5225525
11/19/2025 16:31,135168,0,10.45,1,36.11611679,-97.14657252,69.78,265,1,0,2,1049.669258,136.4222083,RSU2,136.4222083,136.4222083,288.713623
11/19/2025 16:31,139264,4096,20.9,1,36.1161171,-97.14692621,71.07,266,1,1,0,1017.92794,167.6222207,RSU2,167.6222207,167.6222207,288.6406555
11/19/2025 16:31,139264,0,10.45,1,36.11611868,-97.14728279,71.65,267,1,0,1,985.9226845,199.2397803,RSU2,199.2397803,199.2397803,288.5260925
11/19/2025 16:31,143360,4096,20.9,1,36.11612044,-97.14764387,72.55,268,1,1,0,953.5144166,231.3699983,RSU2,231.3699983,231.3699983,288.1700439
11/19/2025 16:31,143360,0,20.9,1,36.11612224,-97.14801161,73.89,269,1,0,1,920.5102748,264.1693059,RSU2,264.1693059,264.1693059,287.9016724
11/19/2025 16:31,147456,4096,20.9,1,36.11612559,-97.1483794,73.91,270,1,1,0,887.49515,297.0089644,RSU2,297.0089644,297.0089644,287.4899597
11/19/2025 16:31,147456,0,20.9,1,36.11612747,-97.14874435,73.33,271,1,0,1,854.7450967,329.6476553,RSU2,329.6476553,329.6476553,287.0963745
11/19/2025 16:31,147456,0,10.45,1,36.11612884,-97.14911246,73.97,272,1,0,2,821.7172368,362.5996162,RSU2,362.5996162,362.5996162,286.2477417
11/19/2025 16:31,151552,4096,20.9,1,36.11613029,-97.14948217,74.29,273,1,1,0,788.548588,395.7134138,RSU2,395.7134138,395.7134138,285.7450867
11/19/2025 16:31,151552,0,10.45,1,36.11613182,-97.14985247,74.41,274,1,0,1,755.3301374,428.8944111,RSU2,428.8944111,428.8944111,285.0486755
11/19/2025 16:31,151552,0,10.45,1,36.11613385,-97.15023041,75.94,275,1,0,2,721.4274049,462.7691397,RSU2,462.7691397,462.7691397,284.0395203
11/19/2025 16:31,151552,0,10.45,1,36.11613744,-97.15060992,76.26,276,1,0,3,687.3776313,496.785766,RSU2,496.785766,496.785766,282.9669189
11/19/2025 16:31,155648,4096,10.45,1,36.11614106,-97.15099027,76.43,277,1,1,0,653.2567641,530.88728,RSU2,530.88728,530.88728,282.1013489
11/19/2025 16:31,155648,0,10.45,1,36.11614582,-97.1513656,75.43,278,1,0,1,619.5822751,564.5406383,RSU2,564.5406383,564.5406383,281.1881104
11/19/2025 16:31,155648,0,10.45,1,36.11615136,-97.15174123,75.49,279,1,0,2,585.8798024,598.2246839,RSU1,585.8798024,585.8798024,280.0964966
11/19/2025 16:31,159744,4096,20.9,1,36.11615463,-97.15211456,75.02,280,1,1,0,552.4075639,631.7185953,RSU1,552.4075639,552.4075639,279.2434387
11/19/2025 16:31,159744,0,10.45,1,36.11615726,-97.15248714,74.87,281,1,0,1,519.016406,665.1520358,RSU1,519.016406,519.016406,278.4987183
11/19/2025 16:31,159744,0,10.45,1,36.11615841,-97.15286043,75.01,282,1,0,2,485.5861496,698.6581594,RSU1,485.5861496,485.5861496,277.6730347
11/19/2025 16:31,163840,4096,20.9,1,36.11616077,-97.15323563,75.39,283,1,1,0,451.9878962,732.3337326,RSU1,451.9878962,451.9878962,277.1573181
11/19/2025 16:31,163840,0,10.45,1,36.11616302,-97.15360998,75.22,284,1,0,1,418.4837684,765.9358284,RSU1,418.4837684,418.4837684,276.634491
11/19/2025 16:31,163840,0,10.45,1,36.11616437,-97.1539836,75.07,285,1,0,2,385.0767328,799.4773765,RSU1,385.0767328,385.0767328,276.3569336
11/19/2025 16:31,167936,4096,20.9,1,36.11616689,-97.15435678,74.99,286,1,1,0,351.7235215,832.9774068,RSU1,351.7235215,351.7235215,275.9418945
11/19/2025 16:31,167936,0,10.45,1,36.11616969,-97.15472663,74.32,287,1,0,1,318.6987725,866.1793322,RSU1,318.6987725,318.6987725,275.9755554
11/19/2025 16:31,167936,0,10.45,1,36.11617113,-97.15509197,73.41,288,1,0,2,286.142165,898.9816116,RSU1,286.142165,286.142165,276.1394653
11/19/2025 16:31,167936,0,10.45,1,36.11617315,-97.15545188,72.32,289,1,0,3,254.124715,931.2957976,RSU1,254.124715,254.124715,276.1217346
11/19/2025 16:31,172032,4096,10.45,1,36.11617667,-97.15580697,71.36,290,1,1,0,222.5949576,963.1744077,RSU1,222.5949576,222.5949576,276.6322937
11/19/2025 16:31,172032,0,10.45,1,36.11617949,-97.156154,69.73,291,1,0,1,191.9125115,994.3321462,RSU1,191.9125115,191.9125115,277.081604
11/19/2025 16:31,172032,0,10.45,1,36.1161821,-97.1564944,68.4,292,1,0,2,162.0027106,1024.895923,RSU1,162.0027106,162.0027106,277.4399414
11/19/2025 16:31,176128,4096,20.9,1,36.11618442,-97.15682306,66.04,293,1,1,0,133.4185688,1054.406816,RSU1,133.4185688,133.4185688,278.0581665
11/19/2025 16:31,176128,0,10.45,1,36.1161871,-97.15713459,62.6,294,1,0,1,106.7781602,1082.37918,RSU1,106.7781602,106.7781602,278.4939575
11/19/2025 16:31,176128,0,10.45,1,36.11618825,-97.15743004,59.37,295,1,0,2,82.41135354,1108.911155,RSU1,82.41135354,82.41135354,279.0302429
11/19/2025 16:31,180224,4096,20.9,1,36.11618919,-97.15771901,58.06,296,1,1,0,60.3903496,1134.861914,RSU1,60.3903496,60.3903496,279.321991
11/19/2025 16:31,180224,0,10.45,1,36.11618959,-97.15800232,56.93,297,1,0,1,43.31846271,1160.305674,RSU1,43.31846271,43.31846271,279.8096924
11/19/2025 16:31,180224,0,10.45,1,36.11618979,-97.15828177,56.15,298,1,0,2,37.42494034,1185.403346,RSU1,37.42494034,37.42494034,280.2305298
11/19/2025 16:31,184320,4096,20.9,1,36.11618992,-97.15855839,55.58,299,1,1,0,46.59685823,1210.247148,RSU1,46.59685823,46.59685823,280.7762451
11/19/2025 16:32,184320,0,10.45,1,36.11619172,-97.15884011,56.61,300,1,0,1,64.8960192,1235.546113,RSU1,64.8960192,64.8960192,281.1609497
11/19/2025 16:32,184320,0,10.45,1,36.11619435,-97.15912729,57.71,301,1,0,2,87.1955256,1261.334312,RSU1,87.1955256,87.1955256,281.596405
11/19/2025 16:32,188416,4096,20.9,1,36.11619643,-97.15942343,59.51,302,1,1,0,111.8014731,1287.928572,RSU1,111.8014731,111.8014731,281.8999023
11/19/2025 16:32,188416,0,10.45,1,36.11619785,-97.1597277,61.14,303,1,0,1,137.8783861,1315.254433,RSU1,137.8783861,137.8783861,282.4630127
11/19/2025 16:32,188416,0,10.45,1,36.11619902,-97.16004028,62.81,304,1,0,2,165.097808,1343.327307,RSU1,165.097808,165.097808,282.851593
11/19/2025 16:32,192512,4096,20.9,1,36.11619961,-97.16036383,65.01,305,1,1,0,193.543963,1372.386589,RSU1,193.543963,193.543963,283.3926086
11/19/2025 16:32,192512,0,10.45,1,36.11620014,-97.16069837,67.22,306,1,0,1,223.1250778,1402.433218,RSU1,223.1250778,223.1250778,284.0061951
11/19/2025 16:32,192512,0,10.45,1,36.11620051,-97.16104365,69.38,307,1,0,2,253.7743081,1433.444884,RSU1,253.7743081,253.7743081,284.2774048
11/19/2025 16:32,196608,4096,20.9,1,36.11620167,-97.16139894,71.39,308,1,1,0,285.3836712,1465.354628,RSU1,285.3836712,285.3836712,285.0594788
11/19/2025 16:32,196608,0,10.45,1,36.11620476,-97.16175872,72.3,309,1,0,1,317.4307291,1497.66516,RSU1,317.4307291,317.4307291,285.495636
11/19/2025 16:32,196608,0,10.45,1,36.11620746,-97.16212321,73.24,310,1,0,2,349.9532189,1530.399631,RSU1,349.9532189,349.9532189,286.0770874
11/19/2025 16:32,200704,4096,20.9,1,36.11621009,-97.16249035,73.78,311,1,1,0,382.7509004,1563.372527,RSU1,382.7509004,382.7509004,286.6855469
11/19/2025 16:32,200704,0,10.45,1,36.1162112,-97.16285834,73.94,312,1,0,1,415.6676719,1596.423957,RSU1,415.6676719,415.6676719,286.8968201
11/19/2025 16:32,200704,0,10.45,1,36.11621179,-97.16323046,74.77,313,1,0,2,448.9791458,1629.847135,RSU1,448.9791458,448.9791458,287.4067383
11/19/2025 16:32,204800,4096,20.9,1,36.11621306,-97.16360323,74.9,314,1,1,0,482.3592508,1663.327997,RSU1,482.3592508,482.3592508,287.8035278
11/19/2025 16:32,204800,0,10.45,1,36.11621566,-97.1639758,74.86,315,1,0,1,515.7250829,1696.789507,RSU1,515.7250829,515.7250829,288.0062256
11/19/2025 16:32,204800,0,10.45,1,36.1162167,-97.16434487,74.16,316,1,0,2,548.8003379,1729.938617,RSU1,548.8003379,548.8003379,288.1523132
11/19/2025 16:32,204800,0,10.45,1,36.11622017,-97.16471226,73.83,317,1,0,3,581.7178721,1762.934305,RSU1,581.7178721,581.7178721,288.1224976
11/19/2025 16:32,204800,0,0,0,36.1162236,-97.16507734,73.36,318,1,0,4,614.437657,1795.722825,RSU1,614.437657,614.437657,287.8635254
11/19/2025 16:32,204800,0,0,0,36.11622567,-97.16543907,72.69,319,1,0,5,646.8723848,1828.212054,RSU1,646.8723848,646.8723848,287.8901978
11/19/2025 16:32,204800,0,0,0,36.11622694,-97.16580328,73.18,320,1,0,6,679.5395659,1860.924967,RSU1,679.5395659,679.5395659,287.5207825
11/19/2025 16:32,204800,0,0,0,36.11622841,-97.16617435,74.56,321,1,0,7,712.8257114,1894.25397,RSU1,712.8257114,712.8257114,287.1807556
11/19/2025 16:32,204800,0,0,0,36.11623064,-97.16661061,87.66,322,1,0,8,751.9623646,1933.437921,RSU1,751.9623646,751.9623646,286.5461121
11/19/2025 16:32,204800,0,0,0,36.11623173,-97.16698241,74.71,323,1,0,9,785.3241389,1966.833064,RSU1,785.3241389,785.3241389,286.0774841
11/19/2025 16:32,204800,0,0,0,36.11623423,-97.16735264,74.39,324,1,0,10,818.5416825,2000.086036,RSU1,818.5416825,818.5416825,285.4213562
11/19/2025 16:32,204800,0,0,0,36.11623578,-97.16772272,74.36,325,1,0,11,851.752853,2033.326472,RSU1,851.752853,851.752853,284.6005249
11/19/2025 16:32,204800,0,0,0,36.11623759,-97.16809649,75.11,326,1,0,12,885.296615,2066.898229,RSU1,885.296615,885.296615,283.7306519
11/19/2025 16:32,204800,0,0,0,36.11623954,-97.16847252,75.56,327,1,0,13,919.0449833,2100.672971,RSU1,919.0449833,919.0449833,282.9367065
11/19/2025 16:32,204800,0,0,0,36.11624177,-97.16885265,76.38,328,1,0,14,953.1624898,2134.815872,RSU1,953.1624898,953.1624898,282.131134
11/19/2025 16:32,204800,0,0,0,36.11624421,-97.16923222,76.27,329,1,0,15,987.2309688,2168.908422,RSU1,987.2309688,987.2309688,281.3363342
11/19/2025 16:32,204800,0,0,0,36.11624602,-97.16960654,75.22,330,1,0,16,1020.83206,2202.529962,RSU1,1020.83206,1020.83206,280.5453491
11/19/2025 16:32,204800,0,0,0,36.11624739,-97.16996606,72.24,331,1,0,17,1053.107206,2234.822492,RSU1,1053.107206,1053.107206,280.0729065
11/19/2025 16:32,204800,0,0,0,36.11625025,-97.1703068,68.47,332,1,0,18,1083.692556,2265.427165,RSU1,1083.692556,1083.692556,279.6134949
11/19/2025 16:32,204800,0,0,0,36.11625436,-97.17062906,64.76,333,1,0,19,1112.616049,2294.37118,RSU1,1112.616049,1112.616049,279.3299255
11/19/2025 16:32,204800,0,0,0,36.1162578,-97.17092376,59.22,334,1,0,20,1139.068115,2320.840218,RSU1,1139.068115,1139.068115,279.2131348
11/19/2025 16:32,204800,0,0,0,36.11626202,-97.17118591,52.69,335,1,0,21,1162.596105,2344.385123,RSU1,1162.596105,1162.596105,279.1651001
11/19/2025 16:32,204800,0,0,0,36.11626756,-97.17140927,44.9,336,1,0,22,1182.638183,2364.445134,RSU1,1182.638183,1182.638183,279.1250916
11/19/2025 16:32,204800,0,0,0,36.11627533,-97.17159185,36.74,337,1,0,23,1199.013407,2380.841141,RSU1,1199.013407,1199.013407,279.0144043
11/19/2025 16:32,204800,0,0,0,36.11628383,-97.17173547,28.94,338,1,0,24,1211.889369,2393.737591,RSU1,1211.889369,1211.889369,279.0387268
11/19/2025 16:32,204800,0,0,0,36.11628864,-97.17184087,21.21,339,1,0,25,1221.343011,2403.202944,RSU1,1221.343011,1221.343011,279.0787354
11/19/2025 16:32,204800,0,0,0,36.11629214,-97.17191629,15.18,340,1,0,26,1228.107795,2409.976029,RSU1,1228.107795,1228.107795,279.0787354
11/19/2025 16:32,204800,0,0,0,36.11629501,-97.17196161,9.13,341,1,0,27,1232.171095,2414.045705,RSU1,1232.171095,1232.171095,279.0513916
11/19/2025 16:32,204800,0,0,0,36.11629729,-97.17198759,5.25,342,1,0,28,1234.499013,2416.378442,RSU1,1234.499013,1234.499013,279.0914001
11/19/2025 16:32,204800,0,0,0,36.116298,-97.17200272,3.05,343,1,0,29,1235.856167,2417.737216,RSU1,1235.856167,1235.856167,279.0914001
11/19/2025 16:32,204800,0,0,0,36.11629859,-97.17200808,1.09,344,1,0,30,1236.336188,2418.218447,RSU1,1236.336188,1236.336188,279.0914001
11/19/2025 16:32,204800,0,0,0,36.11629884,-97.17200833,0.08,345,1,0,31,1236.358071,2418.240806,RSU1,1236.358071,1236.358071,279.0914001
11/19/2025 16:32,204800,0,0,0,36.11629817,-97.17200799,0.18,346,1,0,32,1236.329061,2418.210528,RSU1,1236.329061,1236.329061,279.0914001
11/19/2025 16:32,204800,0,0,0,36.11629812,-97.17200798,0.01,347,1,0,33,1236.328277,2418.209649,RSU1,1236.328277,1236.328277,279.0914001
11/19/2025 16:32,204800,0,0,0,36.11629811,-97.17200799,0,348,1,0,34,1236.329198,2418.210551,RSU1,1236.329198,1236.329198,279.0914001
11/19/2025 16:32,204800,0,0,0,36.1162981,-97.172008,0,349,1,0,35,1236.330119,2418.211453,RSU1,1236.330119,1236.330119,279.0914001
11/19/2025 16:32,204800,0,0,0,36.1162981,-97.172008,0,350,1,0,36,1236.330119,2418.211453,RSU1,1236.330119,1236.330119,279.0914001
11/19/2025 16:32,204800,0,0,0,36.1162981,-97.17200801,0,351,1,0,37,1236.331017,2418.212352,RSU1,1236.331017,1236.331017,279.0914001
11/19/2025 16:32,204800,0,0,0,36.11629809,-97.17200801,0,352,1,0,38,1236.33104,2418.212356,RSU1,1236.33104,1236.33104,279.0914001
11/19/2025 16:32,204800,0,0,0,36.1162981,-97.172008,0,353,1,0,39,1236.330119,2418.211453,RSU1,1236.330119,1236.330119,279.0914001
