timestamp,rx_size,delta_bytes,pps,pdr,latitude,longitude,speed_mph
11/19/2025 12:17,0,0,0,0,36.14427479,-97.08662946,
11/19/2025 12:17,0,0,0,0,36.14427479,-97.08662947,0
11/19/2025 12:17,0,0,0,0,36.14427478,-97.08662947,0
11/19/2025 12:17,0,0,0,0,36.14427478,-97.08662948,0
11/19/2025 12:17,0,0,0,0,36.14427478,-97.08662948,0
11/19/2025 12:17,0,0,0,0,36.14427478,-97.08662949,0
11/19/2025 12:17,0,0,0,0,36.14427514,-97.08662659,0.59
11/19/2025 12:17,0,0,0,0,36.14427736,-97.08661706,1.99
11/19/2025 12:17,0,0,0,0,36.14428373,-97.08660103,3.59
11/19/2025 12:17,0,0,0,0,36.14429543,-97.08658662,4.11
11/19/2025 12:17,0,0,0,0,36.14431175,-97.08657542,4.64
11/19/2025 12:17,0,0,0,0,36.14433418,-97.08657364,5.59
11/19/2025 12:17,0,0,0,0,36.14435699,-97.08658775,6.34
11/19/2025 12:17,0,0,0,0,36.14437369,-97.08661072,6.21
11/19/2025 12:17,0,0,0,0,36.14438094,-97.08664058,6.26
11/19/2025 12:18,0,0,0,0,36.14438265,-97.0866809,8.11
11/19/2025 12:18,0,0,0,0,36.14438496,-97.08672823,9.52
11/19/2025 12:18,0,0,0,0,36.14438791,-97.08678163,10.75
11/19/2025 12:18,0,0,0,0,36.14438953,-97.0868361,10.95
11/19/2025 12:18,0,0,0,0,36.14438992,-97.08689186,11.2
11/19/2025 12:18,0,0,0,0,36.14439028,-97.08695271,12.22
11/19/2025 12:18,0,0,0,0,36.14438854,-97.08701987,13.5
11/19/2025 12:18,0,0,0,0,36.14437701,-97.08709052,14.48
11/19/2025 12:18,0,0,0,0,36.14436295,-97.08716119,14.62
11/19/2025 12:18,0,0,0,0,36.14435127,-97.08722542,13.22
11/19/2025 12:18,0,0,0,0,36.14434375,-97.08728033,11.19
11/19/2025 12:18,0,0,0,0,36.14433981,-97.0873186,7.75
11/19/2025 12:18,0,0,0,0,36.14433793,-97.08734513,5.35
11/19/2025 12:18,0,0,0,0,36.14433117,-97.08738358,7.9
11/19/2025 12:18,0,0,0,0,36.14431242,-97.08743087,10.58
11/19/2025 12:18,0,0,0,0,36.1442737,-97.08747598,13.22
11/19/2025 12:18,0,0,0,0,36.14421158,-97.0875046,16.49
11/19/2025 12:18,0,0,0,0,36.14413327,-97.08752178,19.78
11/19/2025 12:18,0,0,0,0,36.14404175,-97.0875301,22.82
11/19/2025 12:18,0,0,0,0,36.14393891,-97.08754113,25.68
11/19/2025 12:18,0,0,0,0,36.14382534,-97.0875556,28.4
11/19/2025 12:18,0,0,0,0,36.14370109,-97.0875644,30.95
11/19/2025 12:18,0,0,0,0,36.14356711,-97.08756543,33.33
11/19/2025 12:18,0,0,0,0,36.14342425,-97.08756334,35.54
11/19/2025 12:18,0,0,0,0,36.1432749,-97.08756059,37.15
11/19/2025 12:18,0,0,0,0,36.1431195,-97.08755745,38.66
11/19/2025 12:18,0,0,0,0,36.14295922,-97.08755328,39.88
11/19/2025 12:18,0,0,0,0,36.14279445,-97.08754941,40.99
11/19/2025 12:18,0,0,0,0,36.14262469,-97.08754705,42.23
11/19/2025 12:18,0,0,0,0,36.14245102,-97.0875442,43.2
11/19/2025 12:18,0,0,0,0,36.14227294,-97.08754055,44.3
11/19/2025 12:18,0,0,0,0,36.14209122,-97.08753647,45.21
11/19/2025 12:18,0,0,0,0,36.14190709,-97.08753398,45.8
11/19/2025 12:18,0,0,0,0,36.14171962,-97.0875318,46.63
11/19/2025 12:18,0,0,0,0,36.14152974,-97.08752903,47.23
11/19/2025 12:18,0,0,0,0,36.14133778,-97.08752643,47.75
11/19/2025 12:18,0,0,0,0,36.14114428,-97.08752391,48.13
11/19/2025 12:18,0,0,0,0,36.14094894,-97.08752063,48.59
11/19/2025 12:18,0,0,0,0,36.14075294,-97.08751769,48.76
11/19/2025 12:18,0,0,0,0,36.14055559,-97.08751458,49.09
11/19/2025 12:18,0,0,0,0,36.14035716,-97.08751075,49.36
11/19/2025 12:18,0,0,0,0,36.1401585,-97.08750762,49.42
11/19/2025 12:18,0,0,0,0,36.1399589,-97.08750465,49.65
11/19/2025 12:18,0,0,0,0,36.13975882,-97.0875026,49.77
11/19/2025 12:18,0,0,0,0,36.13955821,-97.08749861,49.91
11/19/2025 12:18,0,0,0,0,36.1393572,-97.08749534,50
11/19/2025 12:18,0,0,0,0,36.13915701,-97.08749197,49.8
11/19/2025 12:18,0,0,0,0,36.13895834,-97.08748749,49.42
11/19/2025 12:18,0,0,0,0,36.13876096,-97.08748333,49.1
11/19/2025 12:18,0,0,0,0,36.13856543,-97.08747963,48.64
11/19/2025 12:19,4096,4096,10.45,1,36.1383742,-97.08747537,47.57
11/19/2025 12:19,4096,0,10.45,1,36.13818538,-97.08747318,46.97
11/19/2025 12:19,4096,0,10.45,1,36.1379974,-97.08747009,46.76
11/19/2025 12:19,8192,4096,20.9,1,36.13778104,-97.08746646,53.82
11/19/2025 12:19,8192,0,10.45,1,36.13759719,-97.08746418,45.73
11/19/2025 12:19,8192,0,10.45,1,36.13741379,-97.08746362,45.62
11/19/2025 12:19,12288,4096,20.9,1,36.13722962,-97.08746268,45.81
11/19/2025 12:19,12288,0,10.45,1,36.13704439,-97.08746041,46.07
11/19/2025 12:19,12288,0,10.45,1,36.13685634,-97.08745717,46.78
11/19/2025 12:19,16384,4096,20.9,1,36.13666611,-97.08745389,47.32
11/19/2025 12:19,16384,0,10.45,1,36.13647255,-97.08745,48.15
11/19/2025 12:19,16384,0,10.45,1,36.13627617,-97.0874457,48.85
11/19/2025 12:19,20480,4096,20.9,1,36.13607787,-97.0874425,49.33
11/19/2025 12:19,20480,0,10.45,1,36.13587874,-97.08744059,49.53
11/19/2025 12:19,20480,0,10.45,1,36.1356801,-97.08743931,49.41
11/19/2025 12:19,24576,4096,20.9,1,36.13548151,-97.08743698,49.4
11/19/2025 12:19,24576,0,10.45,1,36.13528328,-97.08743433,49.31
11/19/2025 12:19,24576,0,10.45,1,36.135086,-97.08743281,49.07
11/19/2025 12:19,28672,4096,20.9,1,36.134889,-97.08743065,49
11/19/2025 12:19,28672,0,10.45,1,36.13468981,-97.08742798,49.55
11/19/2025 12:19,28672,0,10.45,1,36.13449205,-97.08742511,49.19
11/19/2025 12:19,32768,4096,20.9,1,36.13429027,-97.08742166,50.2
11/19/2025 12:19,32768,0,10.45,1,36.1340877,-97.0874193,50.39
11/19/2025 12:19,32768,0,10.45,1,36.13388418,-97.08741833,50.62
11/19/2025 12:19,36864,4096,20.9,1,36.13368122,-97.08741655,50.49
11/19/2025 12:19,36864,0,10.45,1,36.13348064,-97.08741437,49.89
11/19/2025 12:19,36864,0,10.45,1,36.13328342,-97.08741135,49.06
11/19/2025 12:19,40960,4096,20.9,1,36.13308913,-97.0874078,48.33
11/19/2025 12:19,40960,0,10.45,1,36.13289714,-97.08740424,47.76
11/19/2025 12:19,40960,0,10.45,1,36.13270531,-97.08740012,47.72
11/19/2025 12:19,45056,4096,20.9,1,36.13251144,-97.08739651,48.23
11/19/2025 12:19,45056,0,10.45,1,36.13231934,-97.0873942,47.78
11/19/2025 12:19,45056,0,10.45,1,36.13212466,-97.08739306,48.42
11/19/2025 12:19,49152,4096,20.9,1,36.13192758,-97.0873919,49.02
11/19/2025 12:19,49152,0,10.45,1,36.13172881,-97.08738917,49.45
11/19/2025 12:19,49152,0,10.45,1,36.13152867,-97.08738632,49.79
11/19/2025 12:19,49152,0,10.45,1,36.13132999,-97.08738429,49.42
11/19/2025 12:19,49152,0,0,0,36.13113154,-97.08738076,49.37
11/19/2025 12:19,49152,0,0,0,36.13093391,-97.08737811,49.16
11/19/2025 12:19,53248,4096,10.45,1,36.13073601,-97.0873751,49.23
11/19/2025 12:19,53248,0,10.45,1,36.13053597,-97.08737189,49.76
11/19/2025 12:19,53248,0,10.45,1,36.13033304,-97.08736935,50.48
11/19/2025 12:19,57344,4096,20.9,1,36.13012545,-97.08736837,51.64
11/19/2025 12:19,57344,0,10.45,1,36.12991237,-97.08736899,53
11/19/2025 12:19,57344,0,10.45,1,36.12969616,-97.08737083,53.78
11/19/2025 12:19,57344,0,10.45,1,36.12947847,-97.08737322,54.15
11/19/2025 12:19,57344,0,0,0,36.12926127,-97.08737558,54.03
11/19/2025 12:19,57344,0,0,0,36.1290447,-97.08737646,53.87
11/19/2025 12:19,57344,0,0,0,36.12882982,-97.08737689,53.45
11/19/2025 12:19,57344,0,0,0,36.12861584,-97.08737741,53.22
11/19/2025 12:20,57344,0,0,0,36.12836876,-97.0873789,61.46
11/19/2025 12:20,57344,0,0,0,36.12815796,-97.08738021,52.43
11/19/2025 12:20,57344,0,0,0,36.12794846,-97.08738223,52.11
11/19/2025 12:20,57344,0,0,0,36.12774012,-97.08738368,51.82
11/19/2025 12:20,57344,0,0,0,36.12753428,-97.08738507,51.2
11/19/2025 12:20,61440,4096,10.45,1,36.12733006,-97.08738732,50.8
11/19/2025 12:20,61440,0,10.45,1,36.12712915,-97.08739146,49.98
11/19/2025 12:20,61440,0,10.45,1,36.12693577,-97.08739466,48.1
11/19/2025 12:20,61440,0,10.45,1,36.12672286,-97.08739126,52.96
11/19/2025 12:20,61440,0,0,0,36.12655217,-97.08738476,42.48
11/19/2025 12:20,61440,0,0,0,36.12639316,-97.08737813,39.57
11/19/2025 12:20,61440,0,0,0,36.12624222,-97.08736619,37.62
11/19/2025 12:20,61440,0,0,0,36.12609783,-97.08734096,36.27
11/19/2025 12:20,61440,0,0,0,36.12593626,-97.08728713,41.62
11/19/2025 12:20,61440,0,0,0,36.12580364,-97.08722087,35.57
11/19/2025 12:20,61440,0,0,0,36.12567823,-97.08713137,36.01
11/19/2025 12:20,61440,0,0,0,36.1255644,-97.08701928,36.18
11/19/2025 12:20,61440,0,0,0,36.1254677,-97.08688993,35.41
11/19/2025 12:20,61440,0,0,0,36.12538231,-97.08675864,33.87
11/19/2025 12:20,61440,0,0,0,36.12530662,-97.08663201,31.65
11/19/2025 12:20,61440,0,0,0,36.12524078,-97.08651861,28.06
11/19/2025 12:20,61440,0,0,0,36.12518882,-97.08643092,21.85
11/19/2025 12:20,61440,0,0,0,36.12515677,-97.08637539,13.71
11/19/2025 12:20,61440,0,0,0,36.12513929,-97.08634637,7.27
11/19/2025 12:20,61440,0,0,0,36.12513254,-97.08633581,2.71
11/19/2025 12:20,61440,0,0,0,36.12513077,-97.08633379,0.6
11/19/2025 12:20,61440,0,0,0,36.12512985,-97.08633263,0.33
11/19/2025 12:20,61440,0,0,0,36.12512938,-97.08633204,0.17
11/19/2025 12:20,61440,0,0,0,36.12512929,-97.08633195,0.03
11/19/2025 12:20,61440,0,0,0,36.12512927,-97.08633193,0.01
11/19/2025 12:20,61440,0,0,0,36.12512925,-97.08633192,0.01
11/19/2025 12:20,61440,0,0,0,36.12512925,-97.08633191,0
11/19/2025 12:20,61440,0,0,0,36.12512924,-97.08633189,0
11/19/2025 12:20,61440,0,0,0,36.12512923,-97.08633187,0
11/19/2025 12:20,61440,0,0,0,36.12512923,-97.08633186,0
11/19/2025 12:20,61440,0,0,0,36.12512922,-97.08633184,0
11/19/2025 12:20,61440,0,0,0,36.12512922,-97.08633183,0
11/19/2025 12:20,61440,0,0,0,36.12512921,-97.08633183,0
11/19/2025 12:20,61440,0,0,0,36.12512921,-97.08633182,0
11/19/2025 12:20,61440,0,0,0,36.1251292,-97.08633181,0
11/19/2025 12:20,61440,0,0,0,36.1251292,-97.0863318,0
11/19/2025 12:20,61440,0,0,0,36.1251292,-97.0863318,0
11/19/2025 12:20,61440,0,0,0,36.1251292,-97.08633179,0
11/19/2025 12:20,61440,0,0,0,36.1251292,-97.08633178,0
11/19/2025 12:20,61440,0,0,0,36.12512919,-97.08633177,0
11/19/2025 12:20,61440,0,0,0,36.12512919,-97.08633177,0
11/19/2025 12:20,61440,0,0,0,36.12512918,-97.08633176,0
11/19/2025 12:20,61440,0,0,0,36.12512918,-97.08633176,0
11/19/2025 12:20,61440,0,0,0,36.12512917,-97.08633175,0
11/19/2025 12:20,61440,0,0,0,36.12512917,-97.08633175,0
11/19/2025 12:21,61440,0,0,0,36.12512916,-97.08633175,0
11/19/2025 12:21,61440,0,0,0,36.12512916,-97.08633174,0
11/19/2025 12:21,61440,0,0,0,36.12512916,-97.08633173,0
11/19/2025 12:21,61440,0,0,0,36.12512915,-97.08633172,0
11/19/2025 12:21,61440,0,0,0,36.12512915,-97.08633172,0
11/19/2025 12:21,61440,0,0,0,36.12512914,-97.08633171,0
11/19/2025 12:21,61440,0,0,0,36.12512913,-97.0863317,0
11/19/2025 12:21,61440,0,0,0,36.12512912,-97.08633169,0
11/19/2025 12:21,61440,0,0,0,36.12512911,-97.08633168,0
11/19/2025 12:21,61440,0,0,0,36.1251291,-97.08633168,0
11/19/2025 12:21,61440,0,0,0,36.12512909,-97.08633168,0
11/19/2025 12:21,61440,0,0,0,36.12512908,-97.08633168,0
11/19/2025 12:21,61440,0,0,0,36.12512908,-97.08633168,0
11/19/2025 12:21,61440,0,0,0,36.12512908,-97.08633168,0
11/19/2025 12:21,61440,0,0,0,36.12512907,-97.08633168,0
11/19/2025 12:21,61440,0,0,0,36.12512906,-97.08633168,0
11/19/2025 12:21,61440,0,0,0,36.12512905,-97.08633168,0
11/19/2025 12:21,61440,0,0,0,36.12512905,-97.08633168,0
11/19/2025 12:21,61440,0,0,0,36.12512904,-97.08633167,0
11/19/2025 12:21,61440,0,0,0,36.12512904,-97.08633166,0
11/19/2025 12:21,61440,0,0,0,36.12512904,-97.08633166,0
11/19/2025 12:21,61440,0,0,0,36.12512904,-97.08633166,0
11/19/2025 12:21,61440,0,0,0,36.12512904,-97.08633165,0
11/19/2025 12:21,61440,0,0,0,36.12512904,-97.08633165,0
11/19/2025 12:21,61440,0,0,0,36.12512903,-97.08633165,0
11/19/2025 12:21,61440,0,0,0,36.12512903,-97.08633164,0
11/19/2025 12:21,61440,0,0,0,36.12512901,-97.08633164,0
11/19/2025 12:21,61440,0,0,0,36.125129,-97.08633164,0
11/19/2025 12:21,61440,0,0,0,36.125129,-97.08633164,0
11/19/2025 12:21,61440,0,0,0,36.12512899,-97.08633164,0
11/19/2025 12:21,61440,0,0,0,36.12512898,-97.08633164,0
11/19/2025 12:21,61440,0,0,0,36.12512897,-97.08633164,0
11/19/2025 12:21,61440,0,0,0,36.12512897,-97.08633164,0
11/19/2025 12:21,61440,0,0,0,36.12512897,-97.08633164,0
11/19/2025 12:21,61440,0,0,0,36.12512896,-97.08633163,0
11/19/2025 12:21,61440,0,0,0,36.12512896,-97.08633163,0
11/19/2025 12:21,61440,0,0,0,36.12512216,-97.08632023,2.85
11/19/2025 12:21,61440,0,0,0,36.12510146,-97.08627622,10.23
11/19/2025 12:21,61440,0,0,0,36.12507545,-97.08620598,15.52
11/19/2025 12:21,61440,0,0,0,36.12506074,-97.08611123,19.38
11/19/2025 12:21,61440,0,0,0,36.12506511,-97.08600315,21.74
11/19/2025 12:21,61440,0,0,0,36.12509426,-97.08588764,24.31
11/19/2025 12:21,61440,0,0,0,36.1251517,-97.08578276,25.46
11/19/2025 12:21,61440,0,0,0,36.12521899,-97.08567881,26.76
11/19/2025 12:21,61440,0,0,0,36.12529133,-97.08556947,28.4
11/19/2025 12:21,61440,0,0,0,36.12536964,-97.08545347,30.37
11/19/2025 12:21,61440,0,0,0,36.12545145,-97.08533006,32.08
11/19/2025 12:21,61440,0,0,0,36.12553926,-97.08519967,34.11
11/19/2025 12:21,61440,0,0,0,36.12563137,-97.08506179,35.95
11/19/2025 12:21,61440,0,0,0,36.1257268,-97.08492025,37.04
11/19/2025 12:22,61440,0,0,0,36.12582428,-97.0847756,37.85
11/19/2025 12:22,61440,0,0,0,36.12592214,-97.08462952,38.13
11/19/2025 12:22,61440,0,0,0,36.12601724,-97.08448117,38.05
11/19/2025 12:22,61440,0,0,0,36.12610554,-97.08433746,36.28
11/19/2025 12:22,61440,0,0,0,36.1261839,-97.08420082,33.67
11/19/2025 12:22,61440,0,0,0,36.12624915,-97.08407802,29.53
11/19/2025 12:22,61440,0,0,0,36.12631021,-97.08397324,25.96
11/19/2025 12:22,61440,0,0,0,36.12638309,-97.08390879,22.28
11/19/2025 12:22,61440,0,0,0,36.12646265,-97.08388685,20.28
11/19/2025 12:22,61440,0,0,0,36.12654526,-97.08390405,20.84
11/19/2025 12:22,61440,0,0,0,36.12663016,-97.08394982,23.03
11/19/2025 12:22,61440,0,0,0,36.12672295,-97.08400475,25.58
11/19/2025 12:22,61440,0,0,0,36.12682239,-97.08406736,27.75
11/19/2025 12:22,61440,0,0,0,36.12692471,-97.08413267,28.63
11/19/2025 12:22,61440,0,0,0,36.12703233,-97.08420201,30.18
11/19/2025 12:22,61440,0,0,0,36.12714465,-97.08427156,31.24
11/19/2025 12:22,61440,0,0,0,36.12725907,-97.08434605,32.16
11/19/2025 12:22,61440,0,0,0,36.12737499,-97.08442197,32.62
11/19/2025 12:22,61440,0,0,0,36.12749133,-97.08449892,32.81
11/19/2025 12:22,61440,0,0,0,36.12760933,-97.08457796,33.37
11/19/2025 12:22,61440,0,0,0,36.12772913,-97.08465599,33.67
11/19/2025 12:22,61440,0,0,0,36.1278467,-97.08473289,33.07
11/19/2025 12:22,61440,0,0,0,36.12796129,-97.08480813,32.26
11/19/2025 12:22,61440,0,0,0,36.12807667,-97.08487524,31.71
11/19/2025 12:22,61440,0,0,0,36.12819533,-97.08492913,31.44
11/19/2025 12:22,61440,0,0,0,36.12831629,-97.08496828,31.1
11/19/2025 12:22,61440,0,0,0,36.1284414,-97.08499837,31.7
11/19/2025 12:22,61440,0,0,0,36.12856953,-97.08501931,32.15
11/19/2025 12:22,61440,0,0,0,36.12869945,-97.08502969,32.38
11/19/2025 12:22,61440,0,0,0,36.12883171,-97.08503305,32.91
11/19/2025 12:22,61440,0,0,0,36.12896635,-97.08503461,33.49
11/19/2025 12:22,61440,0,0,0,36.12910023,-97.08503651,33.3
11/19/2025 12:22,61440,0,0,0,36.12923387,-97.08503878,33.24
11/19/2025 12:22,61440,0,0,0,36.12936512,-97.08504016,32.65
11/19/2025 12:22,61440,0,0,0,36.12949472,-97.08504187,32.24
11/19/2025 12:22,61440,0,0,0,36.12962282,-97.08504335,31.86
11/19/2025 12:22,61440,0,0,0,36.12974959,-97.08504411,31.53
11/19/2025 12:22,61440,0,0,0,36.12987067,-97.08504123,30.12
11/19/2025 12:22,61440,0,0,0,36.12998692,-97.08504013,28.92
11/19/2025 12:22,61440,0,0,0,36.13009144,-97.08504108,26
11/19/2025 12:22,61440,0,0,0,36.1301765,-97.08504254,21.16
11/19/2025 12:22,61440,0,0,0,36.13023383,-97.08504314,14.26
11/19/2025 12:22,61440,0,0,0,36.13025795,-97.08504354,6
11/19/2025 12:22,61440,0,0,0,36.13026677,-97.08504317,2.2
11/19/2025 12:22,61440,0,0,0,36.13026749,-97.08504324,0.18
11/19/2025 12:22,61440,0,0,0,36.13026753,-97.08504299,0.05
11/19/2025 12:22,61440,0,0,0,36.13026818,-97.08504272,0.17
11/19/2025 12:22,61440,0,0,0,36.13026818,-97.08504274,0
11/19/2025 12:22,61440,0,0,0,36.13026818,-97.08504275,0
11/19/2025 12:22,61440,0,0,0,36.13026819,-97.08504276,0
11/19/2025 12:23,61440,0,0,0,36.13026819,-97.08504276,0
11/19/2025 12:23,61440,0,0,0,36.13026821,-97.08504277,0.01
11/19/2025 12:23,61440,0,0,0,36.13027568,-97.08504215,1.86
11/19/2025 12:23,61440,0,0,0,36.13030203,-97.08504383,6.56
11/19/2025 12:23,61440,0,0,0,36.13035084,-97.08506677,12.99
11/19/2025 12:23,61440,0,0,0,36.13039606,-97.08512072,15.62
11/19/2025 12:23,61440,0,0,0,36.1304231,-97.08521007,19.17
11/19/2025 12:23,61440,0,0,0,36.1304311,-97.08532193,22.56
11/19/2025 12:23,61440,0,0,0,36.13043483,-97.08544991,25.73
11/19/2025 12:23,61440,0,0,0,36.13043596,-97.08559643,29.44
11/19/2025 12:23,61440,0,0,0,36.1304359,-97.08575619,32.1
11/19/2025 12:23,61440,0,0,0,36.13043591,-97.08592599,34.11
11/19/2025 12:23,61440,0,0,0,36.13043403,-97.08610257,35.48
11/19/2025 12:23,61440,0,0,0,36.13043175,-97.08627869,35.39
11/19/2025 12:23,61440,0,0,0,36.1304284,-97.08644661,33.75
11/19/2025 12:23,61440,0,0,0,36.13042553,-97.08659799,30.42
11/19/2025 12:23,61440,0,0,0,36.1304245,-97.0867247,25.46
11/19/2025 12:23,61440,0,0,0,36.1304233,-97.08681791,18.73
11/19/2025 12:23,61440,0,0,0,36.13042331,-97.08687673,11.82
11/19/2025 12:23,61440,0,0,0,36.13042345,-97.08690008,4.69
11/19/2025 12:23,61440,0,0,0,36.1304237,-97.08690672,1.34
11/19/2025 12:23,61440,0,0,0,36.13042353,-97.08690661,0.05
11/19/2025 12:23,61440,0,0,0,36.13042306,-97.08690627,0.14
11/19/2025 12:23,61440,0,0,0,36.13042312,-97.08690596,0.06
11/19/2025 12:23,61440,0,0,0,36.13042312,-97.08690596,0
11/19/2025 12:23,61440,0,0,0,36.13042311,-97.08690595,0
11/19/2025 12:23,61440,0,0,0,36.13042302,-97.08691211,1.24
11/19/2025 12:23,61440,0,0,0,36.1304226,-97.08694282,6.17
11/19/2025 12:23,61440,0,0,0,36.13042165,-97.08699392,10.27
11/19/2025 12:23,61440,0,0,0,36.13042143,-97.0870574,12.75
11/19/2025 12:23,61440,0,0,0,36.13043015,-97.08711416,11.61
11/19/2025 12:23,61440,0,0,0,36.13045364,-97.08716523,11.81
11/19/2025 12:23,65536,4096,10.45,1,36.13049773,-97.08719733,12.72
11/19/2025 12:23,65536,0,10.45,1,36.13055644,-97.08720699,14.73
11/19/2025 12:23,69632,4096,20.9,1,36.13062321,-97.08720767,16.61
11/19/2025 12:23,69632,0,20.9,1,36.13071732,-97.08720784,23.41
11/19/2025 12:23,69632,0,10.45,1,36.13081186,-97.08721126,23.53
11/19/2025 12:23,69632,0,10.45,1,36.13091851,-97.0872178,26.56
11/19/2025 12:23,73728,4096,10.45,1,36.13103598,-97.08722415,29.25
11/19/2025 12:23,73728,0,10.45,1,36.13116876,-97.08723179,33.06
11/19/2025 12:23,73728,0,10.45,1,36.13131116,-97.08723874,35.45
11/19/2025 12:23,77824,4096,20.9,1,36.13146607,-97.08724603,38.56
11/19/2025 12:23,77824,0,10.45,1,36.13162996,-97.0872529,40.79
11/19/2025 12:23,77824,0,10.45,1,36.13180522,-97.08725696,43.6
11/19/2025 12:23,77824,0,10.45,1,36.13198918,-97.08725826,45.76
11/19/2025 12:23,81920,4096,10.45,1,36.13217716,-97.08726039,46.76
11/19/2025 12:23,81920,0,10.45,1,36.13237188,-97.08726394,48.44
11/19/2025 12:23,81920,0,10.45,1,36.13257107,-97.08726877,49.55
11/19/2025 12:23,81920,0,10.45,1,36.13277165,-97.08727136,49.89
11/19/2025 12:23,86016,4096,10.45,1,36.13297087,-97.08727331,49.56
11/19/2025 12:24,86016,0,10.45,1,36.13316898,-97.08727627,49.28
11/19/2025 12:24,86016,0,10.45,1,36.13336694,-97.08727934,49.24
11/19/2025 12:24,86016,0,10.45,1,36.13356675,-97.08728307,49.71
11/19/2025 12:24,90112,4096,10.45,1,36.13376682,-97.08728606,49.77
11/19/2025 12:24,90112,0,10.45,1,36.13397045,-97.08728791,50.65
11/19/2025 12:24,90112,0,10.45,1,36.13417725,-97.08728965,51.44
11/19/2025 12:24,94208,4096,20.9,1,36.1343857,-97.08729089,51.85
11/19/2025 12:24,94208,0,10.45,1,36.13459668,-97.08729305,52.48
11/19/2025 12:24,94208,0,10.45,1,36.13480974,-97.08729566,53
11/19/2025 12:24,98304,4096,20.9,1,36.13502246,-97.0872997,52.92
11/19/2025 12:24,98304,0,10.45,1,36.13523286,-97.0873026,52.34
11/19/2025 12:24,98304,0,10.45,1,36.13544263,-97.08730551,52.18
11/19/2025 12:24,102400,4096,20.9,1,36.13564884,-97.0873064,51.29
11/19/2025 12:24,102400,0,10.45,1,36.1358508,-97.08730692,50.24
11/19/2025 12:24,102400,0,10.45,1,36.13604879,-97.08730771,49.25
11/19/2025 12:24,106496,4096,20.9,1,36.13624405,-97.0873121,48.58
11/19/2025 12:24,106496,0,10.45,1,36.13643646,-97.08731818,47.87
11/19/2025 12:24,106496,0,10.45,1,36.13662954,-97.0873213,48.03
11/19/2025 12:24,110592,4096,20.9,1,36.13682412,-97.08732277,48.4
11/19/2025 12:24,110592,0,10.45,1,36.13702435,-97.08732439,49.81
11/19/2025 12:24,110592,0,10.45,1,36.13722866,-97.08732623,50.82
11/19/2025 12:24,114688,4096,20.9,1,36.13743852,-97.08733001,52.21
11/19/2025 12:24,114688,0,10.45,1,36.13765328,-97.08733417,53.43
11/19/2025 12:24,114688,0,10.45,1,36.13787161,-97.08733682,54.31
11/19/2025 12:24,118784,4096,20.9,1,36.1380956,-97.0873392,55.72
11/19/2025 12:24,118784,0,10.45,1,36.13832254,-97.08734128,56.45
11/19/2025 12:24,118784,0,10.45,1,36.13854881,-97.08734463,56.29
11/19/2025 12:24,118784,0,10.45,1,36.1387755,-97.08734793,56.39
11/19/2025 12:24,118784,0,0,0,36.1390068,-97.08735301,57.54
11/19/2025 12:24,118784,0,0,0,36.13923805,-97.08735782,57.53
11/19/2025 12:24,118784,0,0,0,36.13947227,-97.08736132,58.26
11/19/2025 12:24,118784,0,0,0,36.13970772,-97.08736513,58.57
11/19/2025 12:24,118784,0,0,0,36.13997916,-97.08736989,67.52
11/19/2025 12:24,118784,0,0,0,36.14020955,-97.08737426,57.31
11/19/2025 12:24,118784,0,0,0,36.14043649,-97.08737951,56.46
11/19/2025 12:24,118784,0,0,0,36.14065994,-97.08738455,55.59
11/19/2025 12:24,118784,0,0,0,36.14088004,-97.08738992,54.76
11/19/2025 12:24,118784,0,0,0,36.14109684,-97.08739524,53.94
11/19/2025 12:24,118784,0,0,0,36.14131114,-97.08740003,53.31
11/19/2025 12:24,118784,0,0,0,36.14152461,-97.08740384,53.1
11/19/2025 12:24,118784,0,0,0,36.14173613,-97.08740672,52.62
11/19/2025 12:24,118784,0,0,0,36.14194597,-97.08740916,52.2
11/19/2025 12:24,118784,0,0,0,36.14215319,-97.08741237,51.55
11/19/2025 12:24,118784,0,0,0,36.14235271,-97.08741395,49.63
11/19/2025 12:24,118784,0,0,0,36.14253718,-97.08741457,45.88
11/19/2025 12:24,118784,0,0,0,36.14271227,-97.08741598,43.55
11/19/2025 12:24,118784,0,0,0,36.14288502,-97.08742016,42.98
11/19/2025 12:24,118784,0,0,0,36.14305509,-97.08742584,42.32
11/19/2025 12:24,118784,0,0,0,36.14321804,-97.08743009,40.54
11/19/2025 12:25,118784,0,0,0,36.14335646,-97.08743156,34.43
11/19/2025 12:25,118784,0,0,0,36.1434633,-97.08743025,26.58
11/19/2025 12:25,118784,0,0,0,36.14353529,-97.08742326,17.96
11/19/2025 12:25,118784,0,0,0,36.14357836,-97.08740433,11.37
11/19/2025 12:25,118784,0,0,0,36.14360293,-97.08737014,9.19
11/19/2025 12:25,118784,0,0,0,36.14361575,-97.0873317,8.35
11/19/2025 12:25,118784,0,0,0,36.14362376,-97.08728447,9.69
11/19/2025 12:25,118784,0,0,0,36.14363613,-97.08723122,11.13
11/19/2025 12:25,118784,0,0,0,36.14366352,-97.08718295,11.85
11/19/2025 12:25,118784,0,0,0,36.14370866,-97.08715054,12.98
11/19/2025 12:25,118784,0,0,0,36.14376332,-97.08713304,14.04
11/19/2025 12:25,118784,0,0,0,36.14382636,-97.08712713,15.72
11/19/2025 12:25,118784,0,0,0,36.14389458,-97.08712669,16.97
11/19/2025 12:25,118784,0,0,0,36.14396948,-97.08712696,18.63
11/19/2025 12:25,118784,0,0,0,36.1440483,-97.08712853,19.61
11/19/2025 12:25,118784,0,0,0,36.14412514,-97.0871324,19.13
11/19/2025 12:25,118784,0,0,0,36.14419185,-97.08713751,16.62
11/19/2025 12:25,118784,0,0,0,36.14424058,-97.08714496,12.21
11/19/2025 12:25,118784,0,0,0,36.14427726,-97.08716646,10.09
11/19/2025 12:25,118784,0,0,0,36.14430627,-97.08721012,11.36
11/19/2025 12:25,118784,0,0,0,36.14431803,-97.08726211,10.84
11/19/2025 12:25,118784,0,0,0,36.14432002,-97.08730041,7.71
11/19/2025 12:25,118784,0,0,0,36.14432062,-97.08732323,4.59
11/19/2025 12:25,118784,0,0,0,36.14432084,-97.08732973,1.31
11/19/2025 12:25,118784,0,0,0,36.1443208,-97.08733041,0.14
11/19/2025 12:25,118784,0,0,0,36.14432138,-97.08733123,0.22
11/19/2025 12:25,118784,0,0,0,36.14432147,-97.08733122,0.02
11/19/2025 12:25,118784,0,0,0,36.14432147,-97.08733125,0.01
11/19/2025 12:25,118784,0,0,0,36.14432147,-97.08733128,0.01
11/19/2025 12:25,118784,0,0,0,36.14432147,-97.0873313,0
11/19/2025 12:25,118784,0,0,0,36.14432033,-97.08734201,2.17
11/19/2025 12:25,118784,0,0,0,36.1443205,-97.08736196,4.01
11/19/2025 12:25,118784,0,0,0,36.14431536,-97.08740081,7.91
11/19/2025 12:25,118784,0,0,0,36.14428625,-97.08745088,12.39
11/19/2025 12:25,118784,0,0,0,36.14423768,-97.08750392,16.11
11/19/2025 12:25,118784,0,0,0,36.14416857,-97.08754444,19.02
11/19/2025 12:25,118784,0,0,0,36.14408143,-97.08756296,21.99
11/19/2025 12:25,118784,0,0,0,36.14398129,-97.08756819,24.93
11/19/2025 12:25,118784,0,0,0,36.14386975,-97.08756981,27.75
11/19/2025 12:25,118784,0,0,0,36.1437471,-97.08757016,30.51
11/19/2025 12:25,118784,0,0,0,36.14361527,-97.08757062,32.79
11/19/2025 12:25,118784,0,0,0,36.14347095,-97.08756913,35.9
11/19/2025 12:25,118784,0,0,0,36.14331888,-97.08756598,37.83
11/19/2025 12:25,118784,0,0,0,36.14316135,-97.08756223,39.19
11/19/2025 12:25,118784,0,0,0,36.14299887,-97.08755831,40.42
11/19/2025 12:25,118784,0,0,0,36.14283654,-97.08755449,40.39
11/19/2025 12:25,118784,0,0,0,36.14267433,-97.08755081,40.35
11/19/2025 12:25,118784,0,0,0,36.14251256,-97.08754925,40.24
11/19/2025 12:25,118784,0,0,0,36.14235154,-97.08754791,40.05
11/19/2025 12:25,118784,0,0,0,36.14219067,-97.08754738,40.02
11/19/2025 12:26,118784,0,0,0,36.14202902,-97.08754598,40.21
11/19/2025 12:26,118784,0,0,0,36.14186872,-97.08754287,39.88
11/19/2025 12:26,118784,0,0,0,36.1417107,-97.08753939,39.31
11/19/2025 12:26,118784,0,0,0,36.14155484,-97.08753557,38.78
11/19/2025 12:26,118784,0,0,0,36.14140146,-97.08753238,38.16
11/19/2025 12:26,118784,0,0,0,36.1412519,-97.08752982,37.2
11/19/2025 12:26,118784,0,0,0,36.14110432,-97.08752796,36.71
11/19/2025 12:26,118784,0,0,0,36.14095732,-97.08752622,36.56
11/19/2025 12:26,118784,0,0,0,36.14080936,-97.08752542,36.8
11/19/2025 12:26,118784,0,0,0,36.14066273,-97.08752312,36.48
11/19/2025 12:26,118784,0,0,0,36.14051469,-97.08751978,36.83
11/19/2025 12:26,118784,0,0,0,36.14036706,-97.08751574,36.73
11/19/2025 12:26,118784,0,0,0,36.14021927,-97.08751218,36.77
11/19/2025 12:26,118784,0,0,0,36.14007226,-97.08750983,36.57
11/19/2025 12:26,118784,0,0,0,36.13992452,-97.08750749,36.75
11/19/2025 12:26,118784,0,0,0,36.13977677,-97.08750523,36.75
11/19/2025 12:26,118784,0,0,0,36.1396297,-97.08750408,36.58
11/19/2025 12:26,118784,0,0,0,36.13948243,-97.08750309,36.63
11/19/2025 12:26,118784,0,0,0,36.13933522,-97.08750133,36.62
11/19/2025 12:26,118784,0,0,0,36.13918791,-97.08749828,36.65
11/19/2025 12:26,118784,0,0,0,36.13903994,-97.08749387,36.82
11/19/2025 12:26,118784,0,0,0,36.1388924,-97.0874899,36.71
11/19/2025 12:26,118784,0,0,0,36.13874459,-97.0874863,36.77
11/19/2025 12:26,118784,0,0,0,36.13859662,-97.08748383,36.81
11/19/2025 12:26,118784,0,0,0,36.1384485,-97.0874821,36.84
11/19/2025 12:26,118784,0,0,0,36.13830062,-97.0874803,36.78
11/19/2025 12:26,118784,0,0,0,36.13815291,-97.08747845,36.74
11/19/2025 12:26,118784,0,0,0,36.13800485,-97.08747603,36.83
11/19/2025 12:26,118784,0,0,0,36.13785611,-97.08747317,37
11/19/2025 12:26,118784,0,0,0,36.13770709,-97.08747096,37.07
11/19/2025 12:26,122880,4096,10.45,1,36.13755874,-97.08746815,36.91
11/19/2025 12:26,122880,0,10.45,1,36.13740841,-97.08746523,37.4
11/19/2025 12:26,122880,0,10.45,1,36.13725758,-97.08746251,37.52
11/19/2025 12:26,126976,4096,20.9,1,36.13708291,-97.08745962,43.45
11/19/2025 12:26,126976,0,10.45,1,36.13693181,-97.08745747,37.59
11/19/2025 12:26,126976,0,10.45,1,36.13678105,-97.08745393,37.51
11/19/2025 12:26,131072,4096,20.9,1,36.13663104,-97.08745172,37.31
11/19/2025 12:26,131072,0,10.45,1,36.13648122,-97.0874507,37.27
11/19/2025 12:26,131072,0,10.45,1,36.13633106,-97.0874494,37.35
11/19/2025 12:26,135168,4096,20.9,1,36.13618076,-97.08744825,37.39
11/19/2025 12:26,135168,0,10.45,1,36.13603049,-97.08744609,37.38
11/19/2025 12:26,135168,0,10.45,1,36.13588068,-97.08744346,37.27
11/19/2025 12:26,139264,4096,20.9,1,36.1357295,-97.08744058,37.61
11/19/2025 12:26,139264,0,10.45,1,36.13558124,-97.08743816,36.88
11/19/2025 12:26,139264,0,10.45,1,36.13543228,-97.08743645,37.05
11/19/2025 12:26,143360,4096,20.9,1,36.13528375,-97.08743427,36.95
11/19/2025 12:26,143360,0,10.45,1,36.13513531,-97.08743257,36.92
11/19/2025 12:26,143360,0,10.45,1,36.13498804,-97.08743099,36.63
11/19/2025 12:26,147456,4096,20.9,1,36.13483996,-97.08742953,36.83
11/19/2025 12:26,147456,0,10.45,1,36.13469223,-97.08742833,36.75
11/19/2025 12:27,147456,0,10.45,1,36.13454476,-97.08742707,36.68
11/19/2025 12:27,151552,4096,20.9,1,36.13439713,-97.08742481,36.72
11/19/2025 12:27,151552,0,10.45,1,36.13425029,-97.08742383,36.53
11/19/2025 12:27,151552,0,10.45,1,36.13410216,-97.08742301,36.85
11/19/2025 12:27,151552,0,10.45,1,36.13395583,-97.08742195,36.4
11/19/2025 12:27,155648,4096,10.45,1,36.13380956,-97.08742076,36.38
11/19/2025 12:27,155648,0,10.45,1,36.13366299,-97.08741937,36.46
11/19/2025 12:27,155648,0,10.45,1,36.13351694,-97.08741755,36.33
11/19/2025 12:27,155648,0,10.45,1,36.13336986,-97.08741471,36.59
11/19/2025 12:27,155648,0,0,0,36.13322258,-97.08741174,36.64
11/19/2025 12:27,155648,0,0,0,36.13307425,-97.08740991,36.9
11/19/2025 12:27,155648,0,0,0,36.13292564,-97.08740785,36.97
11/19/2025 12:27,155648,0,0,0,36.13277635,-97.08740589,37.14
11/19/2025 12:27,155648,0,0,0,36.13260242,-97.08740408,43.26
11/19/2025 12:27,155648,0,0,0,36.13245355,-97.08740307,37.03
11/19/2025 12:27,155648,0,0,0,36.13230627,-97.0874009,36.64
11/19/2025 12:27,155648,0,0,0,36.13215927,-97.087399,36.57
11/19/2025 12:27,155648,0,0,0,36.13201299,-97.08739724,36.39
11/19/2025 12:27,155648,0,0,0,36.13186637,-97.08739481,36.47
11/19/2025 12:27,155648,0,0,0,36.13172016,-97.0873922,36.37
11/19/2025 12:27,155648,0,0,0,36.13157401,-97.08739048,36.35
11/19/2025 12:27,155648,0,0,0,36.13142785,-97.08738901,36.36
11/19/2025 12:27,155648,0,0,0,36.13128196,-97.08738666,36.29
11/19/2025 12:27,155648,0,0,0,36.13113553,-97.08738344,36.43
11/19/2025 12:27,155648,0,0,0,36.13098868,-97.08738025,36.53
11/19/2025 12:27,155648,0,0,0,36.13084037,-97.08737716,36.9
11/19/2025 12:27,155648,0,0,0,36.13069191,-97.0873756,36.93
11/19/2025 12:27,155648,0,0,0,36.13054138,-97.08737404,37.44
11/19/2025 12:27,155648,0,0,0,36.1303908,-97.08737266,37.46
11/19/2025 12:27,155648,0,0,0,36.13023898,-97.08737168,37.76
11/19/2025 12:27,155648,0,0,0,36.13008761,-97.08737135,37.65
11/19/2025 12:27,155648,0,0,0,36.12993719,-97.08737209,37.42
11/19/2025 12:27,155648,0,0,0,36.1297881,-97.08737359,37.09
11/19/2025 12:27,155648,0,0,0,36.12963144,-97.08737554,38.97
11/19/2025 12:27,155648,0,0,0,36.12946136,-97.0873772,42.31
11/19/2025 12:27,155648,0,0,0,36.12928002,-97.08737952,45.11
11/19/2025 12:27,155648,0,0,0,36.1290868,-97.08738074,48.06
11/19/2025 12:27,159744,4096,10.45,1,36.1288843,-97.08738002,50.37
11/19/2025 12:27,159744,0,10.45,1,36.12867802,-97.08738007,51.31
11/19/2025 12:27,159744,0,10.45,1,36.12846478,-97.0873818,53.04
11/19/2025 12:27,159744,0,10.45,1,36.12821134,-97.08738459,63.04
11/19/2025 12:27,159744,0,0,0,36.12799136,-97.08738557,54.72
11/19/2025 12:27,159744,0,0,0,36.12777046,-97.08738589,54.95
11/19/2025 12:27,159744,0,0,0,36.12755201,-97.0873867,54.34
11/19/2025 12:27,159744,0,0,0,36.12733802,-97.08738858,53.23
11/19/2025 12:27,159744,0,0,0,36.1270971,-97.08739361,59.93
11/19/2025 12:27,163840,4096,10.45,1,36.12689985,-97.08739813,49.07
11/19/2025 12:27,163840,0,10.45,1,36.12671502,-97.08740263,45.98
11/19/2025 12:27,163840,0,10.45,1,36.12654056,-97.08740586,43.4
11/19/2025 12:28,163840,0,10.45,1,36.12635313,-97.08740619,46.62
11/19/2025 12:28,163840,0,0,0,36.12620147,-97.08739464,37.79
11/19/2025 12:28,163840,0,0,0,36.12605547,-97.08736631,36.76
11/19/2025 12:28,163840,0,0,0,36.12591428,-97.08731613,36.54
11/19/2025 12:28,163840,0,0,0,36.12578019,-97.0872432,36.43
11/19/2025 12:28,163840,0,0,0,36.12563944,-97.08713676,41.02
11/19/2025 12:28,163840,0,0,0,36.12553778,-97.08703192,32.91
11/19/2025 12:28,163840,0,0,0,36.12545631,-97.08691456,31.09
11/19/2025 12:28,163840,0,0,0,36.12538891,-97.0867921,29.77
11/19/2025 12:28,163840,0,0,0,36.12532691,-97.08667779,27.66
11/19/2025 12:28,163840,0,0,0,36.12526842,-97.08657191,25.77
11/19/2025 12:28,163840,0,0,0,36.12521638,-97.0864789,22.73
11/19/2025 12:28,163840,0,0,0,36.12517313,-97.08640524,18.3
11/19/2025 12:28,163840,0,0,0,36.12514279,-97.08635749,12.21
11/19/2025 12:28,163840,0,0,0,36.12512897,-97.08633584,5.54
11/19/2025 12:28,163840,0,0,0,36.12512287,-97.08632668,2.39
11/19/2025 12:28,163840,0,0,0,36.12512052,-97.08632341,0.88
11/19/2025 12:28,163840,0,0,0,36.12511788,-97.08631996,0.96
11/19/2025 12:28,163840,0,0,0,36.12511675,-97.08631815,0.46
11/19/2025 12:28,163840,0,0,0,36.12511666,-97.08631823,0.03
11/19/2025 12:28,163840,0,0,0,36.12511656,-97.08631751,0.15
11/19/2025 12:28,163840,0,0,0,36.12511656,-97.08631751,0
11/19/2025 12:28,163840,0,0,0,36.12511655,-97.08631751,0
11/19/2025 12:28,163840,0,0,0,36.12511655,-97.0863175,0
11/19/2025 12:28,163840,0,0,0,36.12511655,-97.0863175,0
11/19/2025 12:28,163840,0,0,0,36.12511655,-97.08631749,0
11/19/2025 12:28,163840,0,0,0,36.12511655,-97.08631749,0
11/19/2025 12:28,163840,0,0,0,36.12511654,-97.08631748,0
11/19/2025 12:28,163840,0,0,0,36.12511653,-97.08631748,0
11/19/2025 12:28,163840,0,0,0,36.12511652,-97.08631747,0
11/19/2025 12:28,163840,0,0,0,36.12511651,-97.08631747,0
11/19/2025 12:28,163840,0,0,0,36.1251165,-97.08631746,0
11/19/2025 12:28,163840,0,0,0,36.1251165,-97.08631745,0
11/19/2025 12:28,163840,0,0,0,36.1251165,-97.08631744,0
11/19/2025 12:28,163840,0,0,0,36.1251165,-97.08631743,0
11/19/2025 12:28,163840,0,0,0,36.12511649,-97.08631742,0
11/19/2025 12:28,163840,0,0,0,36.12511648,-97.08631741,0
11/19/2025 12:28,163840,0,0,0,36.12511647,-97.0863174,0
11/19/2025 12:28,163840,0,0,0,36.12511646,-97.0863174,0
11/19/2025 12:28,163840,0,0,0,36.12511646,-97.0863174,0
11/19/2025 12:28,163840,0,0,0,36.12511646,-97.08631739,0
11/19/2025 12:28,163840,0,0,0,36.12511646,-97.08631738,0
11/19/2025 12:28,163840,0,0,0,36.12511646,-97.08631738,0
11/19/2025 12:28,163840,0,0,0,36.12511646,-97.08631738,0
11/19/2025 12:28,163840,0,0,0,36.12511646,-97.08631738,0
11/19/2025 12:28,163840,0,0,0,36.12511646,-97.08631739,0
11/19/2025 12:28,163840,0,0,0,36.12511646,-97.08631738,0
11/19/2025 12:28,163840,0,0,0,36.12511645,-97.08631737,0
11/19/2025 12:28,163840,0,0,0,36.12511646,-97.08631738,0
11/19/2025 12:28,163840,0,0,0,36.12511645,-97.08631738,0
11/19/2025 12:29,163840,0,0,0,36.12511645,-97.08631739,0
11/19/2025 12:29,163840,0,0,0,36.12511645,-97.08631739,0
11/19/2025 12:29,163840,0,0,0,36.12511645,-97.08631739,0
11/19/2025 12:29,163840,0,0,0,36.12511644,-97.08631739,0
11/19/2025 12:29,163840,0,0,0,36.12511643,-97.08631739,0
11/19/2025 12:29,163840,0,0,0,36.12511643,-97.0863174,0
11/19/2025 12:29,163840,0,0,0,36.12511642,-97.08631741,0
11/19/2025 12:29,163840,0,0,0,36.12511641,-97.08631741,0
11/19/2025 12:29,163840,0,0,0,36.12511641,-97.08631741,0
11/19/2025 12:29,163840,0,0,0,36.12511641,-97.08631741,0
11/19/2025 12:29,163840,0,0,0,36.12511641,-97.08631741,0
11/19/2025 12:29,163840,0,0,0,36.1251164,-97.08631741,0
11/19/2025 12:29,163840,0,0,0,36.1251164,-97.08631741,0
11/19/2025 12:29,163840,0,0,0,36.1251164,-97.08631741,0
11/19/2025 12:29,163840,0,0,0,36.1251164,-97.08631741,0
11/19/2025 12:29,163840,0,0,0,36.1251164,-97.08631741,0
11/19/2025 12:29,163840,0,0,0,36.1251164,-97.08631741,0
11/19/2025 12:29,163840,0,0,0,36.1251164,-97.08631741,0
11/19/2025 12:29,163840,0,0,0,36.12511639,-97.08631741,0
11/19/2025 12:29,163840,0,0,0,36.12511639,-97.08631741,0
11/19/2025 12:29,163840,0,0,0,36.12511639,-97.08631742,0
11/19/2025 12:29,163840,0,0,0,36.12511639,-97.08631742,0
11/19/2025 12:29,163840,0,0,0,36.12511638,-97.08631742,0
11/19/2025 12:29,163840,0,0,0,36.12511638,-97.08631742,0
11/19/2025 12:29,163840,0,0,0,36.12511637,-97.08631743,0
11/19/2025 12:29,163840,0,0,0,36.12511637,-97.08631742,0
11/19/2025 12:29,163840,0,0,0,36.12511636,-97.08631742,0
11/19/2025 12:29,163840,0,0,0,36.12511636,-97.08631743,0
11/19/2025 12:29,163840,0,0,0,36.12511635,-97.08631742,0
11/19/2025 12:29,163840,0,0,0,36.12511635,-97.08631742,0
11/19/2025 12:29,163840,0,0,0,36.12511633,-97.08631743,0.01
11/19/2025 12:29,163840,0,0,0,36.12511632,-97.08631743,0
11/19/2025 12:29,163840,0,0,0,36.12511631,-97.08631743,0
11/19/2025 12:29,163840,0,0,0,36.12511631,-97.08631744,0
11/19/2025 12:29,163840,0,0,0,36.1251163,-97.08631744,0
11/19/2025 12:29,163840,0,0,0,36.12511631,-97.08631743,0
11/19/2025 12:29,163840,0,0,0,36.12511631,-97.08631742,0
11/19/2025 12:29,163840,0,0,0,36.12511631,-97.08631742,0
11/19/2025 12:29,163840,0,0,0,36.12511631,-97.08631742,0
11/19/2025 12:29,163840,0,0,0,36.12510083,-97.08629251,6.31
11/19/2025 12:29,163840,0,0,0,36.12507822,-97.08625781,8.96
11/19/2025 12:29,163840,0,0,0,36.125046,-97.08620164,13.84
11/19/2025 12:29,163840,0,0,0,36.12500819,-97.08613233,16.8
11/19/2025 12:29,163840,0,0,0,36.12496607,-97.0860527,19.12
11/19/2025 12:29,163840,0,0,0,36.12492658,-97.08596163,20.77
11/19/2025 12:29,163840,0,0,0,36.12489242,-97.08586221,21.71
11/19/2025 12:29,163840,0,0,0,36.12486772,-97.08575577,22.25
11/19/2025 12:29,163840,0,0,0,36.12484823,-97.08564339,23.09
11/19/2025 12:29,163840,0,0,0,36.12483486,-97.0855269,23.64
11/19/2025 12:29,163840,0,0,0,36.12482778,-97.08540802,23.95
11/19/2025 12:30,163840,0,0,0,36.12482365,-97.085287,24.34
11/19/2025 12:30,163840,0,0,0,36.12482257,-97.08517665,22.17
11/19/2025 12:30,163840,0,0,0,36.12482077,-97.08507346,20.74
11/19/2025 12:30,163840,0,0,0,36.12481988,-97.08498809,17.16
11/19/2025 12:30,163840,0,0,0,36.12482413,-97.08492058,13.6
11/19/2025 12:30,163840,0,0,0,36.12483948,-97.0848635,12.09
11/19/2025 12:30,163840,0,0,0,36.12485392,-97.08482632,8.29
11/19/2025 12:30,163840,0,0,0,36.12486777,-97.08479621,6.96
11/19/2025 12:30,163840,0,0,0,36.1248857,-97.08477422,6.28
11/19/2025 12:30,163840,0,0,0,36.12491245,-97.08476571,6.87
11/19/2025 12:30,163840,0,0,0,36.12493976,-97.08477327,6.96
11/19/2025 12:30,163840,0,0,0,36.12495955,-97.08479937,7.19
11/19/2025 12:30,163840,0,0,0,36.12496538,-97.08483787,7.87
11/19/2025 12:30,163840,0,0,0,36.12495583,-97.08487959,8.71
11/19/2025 12:30,163840,0,0,0,36.12494244,-97.0849243,9.58
11/19/2025 12:30,163840,0,0,0,36.12492893,-97.08497153,10.07
11/19/2025 12:30,163840,0,0,0,36.12491752,-97.08502819,11.73
11/19/2025 12:30,163840,0,0,0,36.12490876,-97.08509694,13.98
11/19/2025 12:30,163840,0,0,0,36.12490115,-97.08517613,16.02
11/19/2025 12:30,163840,0,0,0,36.12489926,-97.08525433,15.72
11/19/2025 12:30,163840,0,0,0,36.12489787,-97.08532674,14.55
11/19/2025 12:30,163840,0,0,0,36.12489779,-97.08539646,14.01
11/19/2025 12:30,163840,0,0,0,36.12490009,-97.08546044,12.87
11/19/2025 12:30,163840,0,0,0,36.12490403,-97.08551032,10.07
11/19/2025 12:30,163840,0,0,0,36.12490686,-97.0855416,6.32
11/19/2025 12:30,163840,0,0,0,36.12490731,-97.08555234,2.16
11/19/2025 12:30,163840,0,0,0,36.12490742,-97.08555266,0.07
11/19/2025 12:30,163840,0,0,0,36.12490711,-97.08555325,0.14
11/19/2025 12:30,163840,0,0,0,36.12490701,-97.0855537,0.09
11/19/2025 12:30,163840,0,0,0,36.12490697,-97.08555383,0.03
11/19/2025 12:30,163840,0,0,0,36.12490697,-97.08555384,0
11/19/2025 12:30,163840,0,0,0,36.12490696,-97.08555384,0
11/19/2025 12:30,163840,0,0,0,36.12490696,-97.08555384,0
11/19/2025 12:30,163840,0,0,0,36.12490696,-97.08555384,0
11/19/2025 12:30,163840,0,0,0,36.12490696,-97.08555384,0
11/19/2025 12:30,163840,0,0,0,36.12490696,-97.08555387,0.01
11/19/2025 12:30,163840,0,0,0,36.12490696,-97.08555387,0
11/19/2025 12:30,163840,0,0,0,36.12490696,-97.08555387,0
11/19/2025 12:30,163840,0,0,0,36.12490695,-97.08555388,0
11/19/2025 12:30,163840,0,0,0,36.12490695,-97.08555388,0
11/19/2025 12:30,163840,0,0,0,36.12490696,-97.0855539,0
11/19/2025 12:30,163840,0,0,0,36.12490696,-97.08555391,0
11/19/2025 12:30,163840,0,0,0,36.12490696,-97.08555391,0
11/19/2025 12:30,163840,0,0,0,36.12490695,-97.08555391,0
11/19/2025 12:30,163840,0,0,0,36.12490695,-97.08555391,0
11/19/2025 12:30,163840,0,0,0,36.12490694,-97.08555392,0
11/19/2025 12:30,163840,0,0,0,36.12490693,-97.08555392,0
11/19/2025 12:30,163840,0,0,0,36.12490692,-97.08555393,0
11/19/2025 12:30,163840,0,0,0,36.12490691,-97.08555393,0
11/19/2025 12:30,163840,0,0,0,36.1249069,-97.08555394,0
11/19/2025 12:31,163840,0,0,0,36.1249069,-97.08555395,0
11/19/2025 12:31,163840,0,0,0,36.12490689,-97.08555395,0
11/19/2025 12:31,163840,0,0,0,36.12490689,-97.08555396,0
11/19/2025 12:31,163840,0,0,0,36.12490688,-97.08555396,0
11/19/2025 12:31,163840,0,0,0,36.12490687,-97.08555396,0
11/19/2025 12:31,163840,0,0,0,36.12490687,-97.08555396,0
11/19/2025 12:31,163840,0,0,0,36.12490687,-97.08555397,0
11/19/2025 12:31,163840,0,0,0,36.12490687,-97.08555398,0
11/19/2025 12:31,163840,0,0,0,36.12490686,-97.08555398,0
11/19/2025 12:31,163840,0,0,0,36.12490686,-97.08555398,0
11/19/2025 12:31,163840,0,0,0,36.12490685,-97.08555397,0
11/19/2025 12:31,163840,0,0,0,36.12490685,-97.08555397,0
11/19/2025 12:31,163840,0,0,0,36.12490685,-97.08555397,0
11/19/2025 12:31,163840,0,0,0,36.12490685,-97.08555397,0
11/19/2025 12:31,163840,0,0,0,36.12490685,-97.08555398,0
11/19/2025 12:31,163840,0,0,0,36.12490685,-97.08555398,0
11/19/2025 12:31,163840,0,0,0,36.12490685,-97.08555398,0
11/19/2025 12:31,163840,0,0,0,36.12490685,-97.08555398,0
11/19/2025 12:31,163840,0,0,0,36.12490686,-97.08555397,0
11/19/2025 12:31,163840,0,0,0,36.12490686,-97.08555397,0
11/19/2025 12:31,163840,0,0,0,36.12490686,-97.08555396,0
11/19/2025 12:31,163840,0,0,0,36.12490685,-97.08555395,0
11/19/2025 12:31,163840,0,0,0,36.12490684,-97.08555395,0
11/19/2025 12:31,163840,0,0,0,36.12490683,-97.08555395,0
11/19/2025 12:31,163840,0,0,0,36.12490682,-97.08555394,0
11/19/2025 12:31,163840,0,0,0,36.1249068,-97.08555393,0.01
11/19/2025 12:31,163840,0,0,0,36.1249068,-97.08555393,0
11/19/2025 12:31,163840,0,0,0,36.12490679,-97.08555393,0
11/19/2025 12:31,163840,0,0,0,36.12490679,-97.08555393,0
11/19/2025 12:31,163840,0,0,0,36.12490679,-97.08555393,0
11/19/2025 12:31,163840,0,0,0,36.12490679,-97.08555391,0
11/19/2025 12:31,163840,0,0,0,36.12490678,-97.0855539,0
11/19/2025 12:31,163840,0,0,0,36.12490677,-97.08555389,0
11/19/2025 12:31,163840,0,0,0,36.12490677,-97.08555389,0
11/19/2025 12:31,163840,0,0,0,36.12490677,-97.08555388,0
11/19/2025 12:31,163840,0,0,0,36.12490735,-97.08556008,1.25
11/19/2025 12:31,163840,0,0,0,36.12490954,-97.08558366,4.77
11/19/2025 12:31,163840,0,0,0,36.1249146,-97.08562641,8.68
11/19/2025 12:31,163840,0,0,0,36.12492567,-97.08568619,12.32
11/19/2025 12:31,163840,0,0,0,36.12494392,-97.0857589,15.3
11/19/2025 12:31,163840,0,0,0,36.12497135,-97.08584015,17.69
11/19/2025 12:31,163840,0,0,0,36.12500586,-97.08593172,20.3
11/19/2025 12:31,163840,0,0,0,36.12505066,-97.08603017,22.7
11/19/2025 12:31,163840,0,0,0,36.12510412,-97.08613454,24.83
11/19/2025 12:31,163840,0,0,0,36.12516547,-97.0862443,26.82
11/19/2025 12:31,163840,0,0,0,36.1252332,-97.08636313,29.22
11/19/2025 12:31,163840,0,0,0,36.12530822,-97.08649183,31.89
11/19/2025 12:31,163840,0,0,0,36.12538843,-97.08662999,34.18
11/19/2025 12:31,163840,0,0,0,36.12547668,-97.08677151,35.92
11/19/2025 12:31,163840,0,0,0,36.12557531,-97.08690512,36.37
11/19/2025 12:32,163840,0,0,0,36.12568529,-97.08702551,36.52
11/19/2025 12:32,163840,0,0,0,36.12580768,-97.08712308,36.21
11/19/2025 12:32,163840,0,0,0,36.12593989,-97.08719633,36.03
11/19/2025 12:32,163840,0,0,0,36.12607834,-97.08724787,35.96
11/19/2025 12:32,167936,4096,10.45,1,36.12622309,-97.08727759,36.5
11/19/2025 12:32,167936,0,10.45,1,36.1263746,-97.08728347,37.7
11/19/2025 12:32,167936,0,10.45,1,36.12653325,-97.0872797,39.47
11/19/2025 12:32,167936,0,10.45,1,36.12673008,-97.08727711,48.96
11/19/2025 12:32,167936,0,0,0,36.12691107,-97.08727481,45.02
11/19/2025 12:32,167936,0,0,0,36.12710153,-97.08727246,47.37
11/19/2025 12:32,167936,0,0,0,36.12729775,-97.0872691,48.81
11/19/2025 12:32,167936,0,0,0,36.12749226,-97.08726581,48.39
11/19/2025 12:32,167936,0,0,0,36.12771667,-97.08726162,55.83
11/19/2025 12:32,167936,0,0,0,36.1279098,-97.08725867,48.04
11/19/2025 12:32,167936,0,0,0,36.12810304,-97.08725753,48.07
11/19/2025 12:32,167936,0,0,0,36.12829696,-97.08725664,48.23
11/19/2025 12:32,167936,0,0,0,36.12849042,-97.08725615,48.12
11/19/2025 12:32,167936,0,0,0,36.12868452,-97.08725579,48.28
11/19/2025 12:32,167936,0,0,0,36.12887874,-97.08725362,48.31
11/19/2025 12:32,167936,0,0,0,36.12907238,-97.08724863,48.18
11/19/2025 12:32,167936,0,0,0,36.12926659,-97.08723867,48.35
11/19/2025 12:32,167936,0,0,0,36.12945373,-97.08722645,46.61
11/19/2025 12:32,167936,0,0,0,36.12962571,-97.08721591,42.83
11/19/2025 12:32,167936,0,0,0,36.12978054,-97.08720867,38.54
11/19/2025 12:32,167936,0,0,0,36.12991566,-97.08720347,33.63
11/19/2025 12:32,167936,0,0,0,36.13002735,-97.08719933,27.79
11/19/2025 12:32,167936,0,0,0,36.13011152,-97.08719715,20.94
11/19/2025 12:32,167936,0,0,0,36.13017106,-97.08719678,14.81
11/19/2025 12:32,167936,0,0,0,36.13021284,-97.0871956,10.4
11/19/2025 12:32,167936,0,0,0,36.13023112,-97.08719523,4.55
11/19/2025 12:32,172032,4096,10.45,1,36.13023355,-97.08719491,0.61
11/19/2025 12:32,172032,0,10.45,1,36.13023372,-97.08719469,0.06
11/19/2025 12:32,172032,0,10.45,1,36.13023337,-97.08719516,0.13
11/19/2025 12:32,176128,4096,20.9,1,36.13023351,-97.08719498,0.05
11/19/2025 12:32,176128,0,10.45,1,36.13023353,-97.087195,0.01
11/19/2025 12:32,176128,0,10.45,1,36.13023355,-97.087195,0
11/19/2025 12:32,176128,0,10.45,1,36.13023357,-97.08719501,0.01
11/19/2025 12:32,176128,0,0,0,36.13023361,-97.08719502,0.01
11/19/2025 12:32,176128,0,0,0,36.13023364,-97.08719502,0.01
11/19/2025 12:32,176128,0,0,0,36.13023367,-97.08719503,0.01
11/19/2025 12:32,176128,0,0,0,36.13023369,-97.08719502,0.01
11/19/2025 12:32,176128,0,0,0,36.13023373,-97.08719501,0.01
11/19/2025 12:32,176128,0,0,0,36.13023375,-97.08719501,0
11/19/2025 12:32,176128,0,0,0,36.13023377,-97.08719501,0
11/19/2025 12:32,176128,0,0,0,36.13023379,-97.087195,0.01
11/19/2025 12:32,180224,4096,10.45,1,36.1302338,-97.087195,0
11/19/2025 12:32,180224,0,10.45,1,36.13023382,-97.08719499,0.01
11/19/2025 12:32,180224,0,10.45,1,36.13023384,-97.08719498,0.01
11/19/2025 12:32,180224,0,10.45,1,36.13023384,-97.08719497,0
11/19/2025 12:32,180224,0,0,0,36.13023385,-97.08719496,0
11/19/2025 12:33,184320,4096,10.45,1,36.13023386,-97.08719495,0
11/19/2025 12:33,184320,0,10.45,1,36.13023386,-97.08719495,0
11/19/2025 12:33,184320,0,10.45,1,36.13023386,-97.08719495,0
11/19/2025 12:33,184320,0,10.45,1,36.13023386,-97.08719495,0
11/19/2025 12:33,184320,0,0,0,36.13025918,-97.08719407,6.3
11/19/2025 12:33,184320,0,0,0,36.13030469,-97.0871934,11.32
11/19/2025 12:33,184320,0,0,0,36.13037023,-97.08719285,16.3
11/19/2025 12:33,184320,0,0,0,36.1304503,-97.08719404,19.92
11/19/2025 12:33,188416,4096,10.45,1,36.13056311,-97.08719471,28.06
11/19/2025 12:33,188416,0,10.45,1,36.13067217,-97.08719666,27.13
11/19/2025 12:33,188416,0,10.45,1,36.13080004,-97.08720265,31.83
11/19/2025 12:33,188416,0,10.45,1,36.13096062,-97.0872129,40
11/19/2025 12:33,192512,4096,10.45,1,36.13111018,-97.0872231,37.26
11/19/2025 12:33,192512,0,10.45,1,36.13126859,-97.08723209,39.45
11/19/2025 12:33,192512,0,10.45,1,36.1314329,-97.0872399,40.9
11/19/2025 12:33,192512,0,10.45,1,36.13160372,-97.0872465,42.51
11/19/2025 12:33,196608,4096,10.45,1,36.13177946,-97.08725195,43.73
11/19/2025 12:33,196608,0,10.45,1,36.13196048,-97.08725458,45.03
11/19/2025 12:33,196608,0,10.45,1,36.13214655,-97.08725679,46.29
11/19/2025 12:33,196608,0,10.45,1,36.13233576,-97.0872592,47.06
11/19/2025 12:33,196608,0,0,0,36.13252382,-97.08726088,46.78
11/19/2025 12:33,200704,4096,10.45,1,36.13271126,-97.08726252,46.62
11/19/2025 12:33,200704,0,10.45,1,36.13289859,-97.08726577,46.6
11/19/2025 12:33,200704,0,10.45,1,36.13308615,-97.08726906,46.66
11/19/2025 12:33,204800,4096,20.9,1,36.1332739,-97.08727216,46.7
11/19/2025 12:33,204800,0,10.45,1,36.1334636,-97.08727507,47.19
11/19/2025 12:33,204800,0,10.45,1,36.13365382,-97.0872765,47.32
11/19/2025 12:33,208896,4096,20.9,1,36.13384412,-97.08727892,47.34
11/19/2025 12:33,208896,0,10.45,1,36.13403389,-97.08728102,47.21
11/19/2025 12:33,208896,0,10.45,1,36.13422363,-97.08728384,47.2
11/19/2025 12:33,212992,4096,20.9,1,36.13441174,-97.08728552,46.79
11/19/2025 12:33,212992,0,10.45,1,36.13460029,-97.0872867,46.9
11/19/2025 12:33,212992,0,10.45,1,36.13478823,-97.08728815,46.75
11/19/2025 12:33,217088,4096,20.9,1,36.13497726,-97.08729031,47.02
11/19/2025 12:33,217088,0,10.45,1,36.13516545,-97.08729318,46.81
11/19/2025 12:33,217088,0,10.45,1,36.13535484,-97.08729663,47.11
11/19/2025 12:33,221184,4096,20.9,1,36.13554341,-97.08729972,46.91
11/19/2025 12:33,221184,0,10.45,1,36.13573171,-97.08730044,46.84
11/19/2025 12:33,221184,0,10.45,1,36.1359199,-97.08730197,46.81
11/19/2025 12:33,225280,4096,20.9,1,36.13610838,-97.08730553,46.89
11/19/2025 12:33,225280,0,10.45,1,36.13629751,-97.08730979,47.05
11/19/2025 12:33,225280,0,10.45,1,36.13648715,-97.08731327,47.18
11/19/2025 12:33,229376,4096,20.9,1,36.13667791,-97.08731515,47.45
11/19/2025 12:33,229376,0,10.45,1,36.13686913,-97.08731677,47.56
11/19/2025 12:33,229376,0,10.45,1,36.13706065,-97.08731937,47.64
11/19/2025 12:33,233472,4096,20.9,1,36.13725206,-97.08732146,47.61
11/19/2025 12:33,233472,0,10.45,1,36.1374441,-97.08732308,47.77
11/19/2025 12:33,233472,0,10.45,1,36.13763672,-97.08732468,47.91
11/19/2025 12:33,237568,4096,20.9,1,36.13783049,-97.08732843,48.2
11/19/2025 12:34,237568,0,10.45,1,36.13802122,-97.08733242,47.45
11/19/2025 12:34,237568,0,10.45,1,36.13821286,-97.08733748,47.68
11/19/2025 12:34,237568,0,10.45,1,36.13840518,-97.08734164,47.84
11/19/2025 12:34,237568,0,0,0,36.13859622,-97.08734486,47.52
11/19/2025 12:34,237568,0,0,0,36.13878717,-97.08734705,47.5
11/19/2025 12:34,237568,0,0,0,36.1389775,-97.08734967,47.35
11/19/2025 12:34,237568,0,0,0,36.13916778,-97.08735282,47.33
11/19/2025 12:34,237568,0,0,0,36.13938905,-97.08735752,55.05
11/19/2025 12:34,237568,0,0,0,36.13957802,-97.0873606,47.01
11/19/2025 12:34,237568,0,0,0,36.1397673,-97.08736396,47.09
11/19/2025 12:34,237568,0,0,0,36.13995624,-97.08736777,47
11/19/2025 12:34,237568,0,0,0,36.14014401,-97.08737135,46.71
11/19/2025 12:34,237568,0,0,0,36.14033144,-97.0873752,46.63
11/19/2025 12:34,237568,0,0,0,36.14051832,-97.08737872,46.49
11/19/2025 12:34,237568,0,0,0,36.14070644,-97.08738211,46.8
11/19/2025 12:34,237568,0,0,0,36.14089205,-97.08738526,46.17
11/19/2025 12:34,237568,0,0,0,36.14107897,-97.08738801,46.5
11/19/2025 12:34,237568,0,0,0,36.14126524,-97.08739014,46.33
11/19/2025 12:34,237568,0,0,0,36.14145212,-97.08739262,46.49
11/19/2025 12:34,237568,0,0,0,36.14163938,-97.08739604,46.58
11/19/2025 12:34,237568,0,0,0,36.14182604,-97.08740049,46.44
11/19/2025 12:34,237568,0,0,0,36.14201257,-97.08740465,46.41
11/19/2025 12:34,237568,0,0,0,36.1421995,-97.08740751,46.5
11/19/2025 12:34,237568,0,0,0,36.14238781,-97.08740999,46.84
11/19/2025 12:34,237568,0,0,0,36.14257597,-97.08741295,46.81
11/19/2025 12:34,237568,0,0,0,36.14276554,-97.08741642,47.16
11/19/2025 12:34,237568,0,0,0,36.14295298,-97.08741962,46.63
11/19/2025 12:34,237568,0,0,0,36.14313153,-97.08742423,44.42
11/19/2025 12:34,237568,0,0,0,36.14329113,-97.08742732,39.7
11/19/2025 12:34,237568,0,0,0,36.14342015,-97.08742929,32.1
11/19/2025 12:34,237568,0,0,0,36.14351657,-97.08742432,24
11/19/2025 12:34,237568,0,0,0,36.14357548,-97.08740118,15.37
11/19/2025 12:34,237568,0,0,0,36.14360569,-97.08735727,11.59
11/19/2025 12:34,237568,0,0,0,36.14362001,-97.08730659,10.78
11/19/2025 12:34,237568,0,0,0,36.14362772,-97.08725624,10.29
11/19/2025 12:34,237568,0,0,0,36.1436416,-97.08720697,10.48
11/19/2025 12:34,237568,0,0,0,36.14366883,-97.08716563,10.72
11/19/2025 12:34,237568,0,0,0,36.14370899,-97.08714165,11.09
11/19/2025 12:34,237568,0,0,0,36.1437551,-97.08713067,11.68
11/19/2025 12:34,237568,0,0,0,36.14380884,-97.08712986,13.37
11/19/2025 12:34,237568,0,0,0,36.14386842,-97.08712893,14.82
11/19/2025 12:34,237568,0,0,0,36.14393524,-97.08712889,16.62
11/19/2025 12:34,237568,0,0,0,36.14400867,-97.08712982,18.27
11/19/2025 12:34,237568,0,0,0,36.14408157,-97.08713226,18.14
11/19/2025 12:34,237568,0,0,0,36.14414865,-97.0871358,16.7
11/19/2025 12:34,237568,0,0,0,36.14420519,-97.0871387,14.07
11/19/2025 12:34,237568,0,0,0,36.14424754,-97.087145,10.61
11/19/2025 12:34,237568,0,0,0,36.14428521,-97.08717228,10.85
11/19/2025 12:34,237568,0,0,0,36.14431019,-97.0872207,11.54
11/19/2025 12:34,237568,0,0,0,36.14431871,-97.08726905,9.94
11/19/2025 12:35,237568,0,0,0,36.14431964,-97.08730484,7.19
11/19/2025 12:35,237568,0,0,0,36.14431879,-97.08732391,3.84
11/19/2025 12:35,237568,0,0,0,36.1443186,-97.08732956,1.14
11/19/2025 12:35,237568,0,0,0,36.14431911,-97.08733344,0.79
11/19/2025 12:35,237568,0,0,0,36.14431899,-97.0873371,0.74
11/19/2025 12:35,237568,0,0,0,36.14431923,-97.08733874,0.33
11/19/2025 12:35,237568,0,0,0,36.14431867,-97.08733848,0.15
11/19/2025 12:35,237568,0,0,0,36.14431855,-97.08733853,0.03
11/19/2025 12:35,237568,0,0,0,36.14431735,-97.08734957,2.24
11/19/2025 12:35,237568,0,0,0,36.14431757,-97.08734936,0.07
11/19/2025 12:35,237568,0,0,0,36.14431754,-97.08735781,1.7
11/19/2025 12:35,237568,0,0,0,36.14431299,-97.08739008,6.58
11/19/2025 12:35,237568,0,0,0,36.14428918,-97.08744179,11.96
11/19/2025 12:35,237568,0,0,0,36.14424319,-97.08748742,14.66
11/19/2025 12:35,237568,0,0,0,36.14417554,-97.08752195,18.2
11/19/2025 12:35,237568,0,0,0,36.14409242,-97.08754426,21.15
11/19/2025 12:35,237568,0,0,0,36.14399496,-97.0875626,24.52
11/19/2025 12:35,237568,0,0,0,36.14388369,-97.08756556,27.68
11/19/2025 12:35,237568,0,0,0,36.14376317,-97.087566,29.98
11/19/2025 12:35,237568,0,0,0,36.14363026,-97.08756364,33.06
11/19/2025 12:35,237568,0,0,0,36.14348621,-97.08756241,35.83
11/19/2025 12:35,237568,0,0,0,36.14333238,-97.08755951,38.27
11/19/2025 12:35,237568,0,0,0,36.14316775,-97.08755466,40.96
11/19/2025 12:35,237568,0,0,0,36.14299386,-97.08755158,43.26
11/19/2025 12:35,237568,0,0,0,36.1428114,-97.08754917,45.39
11/19/2025 12:35,237568,0,0,0,36.14262256,-97.08754721,46.97
11/19/2025 12:35,237568,0,0,0,36.14242674,-97.08754423,48.71
11/19/2025 12:35,237568,0,0,0,36.14222389,-97.08754255,50.46
11/19/2025 12:35,237568,0,0,0,36.1420147,-97.08753979,52.04
11/19/2025 12:35,237568,0,0,0,36.1418007,-97.08753722,53.23
11/19/2025 12:35,237568,0,0,0,36.14158149,-97.08753403,54.53
11/19/2025 12:35,237568,0,0,0,36.14135938,-97.08752955,55.25
11/19/2025 12:35,237568,0,0,0,36.14113868,-97.08752409,54.91
11/19/2025 12:35,237568,0,0,0,36.1409227,-97.08751942,53.73
11/19/2025 12:35,237568,0,0,0,36.14071121,-97.08751472,52.61
11/19/2025 12:35,237568,0,0,0,36.14050324,-97.08751296,51.73
11/19/2025 12:35,237568,0,0,0,36.1403012,-97.08750949,50.26
11/19/2025 12:35,237568,0,0,0,36.14009886,-97.08750647,50.33
11/19/2025 12:35,237568,0,0,0,36.13989637,-97.08750359,50.37
11/19/2025 12:35,237568,0,0,0,36.13969416,-97.08750142,50.3
11/19/2025 12:35,237568,0,0,0,36.13949271,-97.08749866,50.11
11/19/2025 12:35,237568,0,0,0,36.13929074,-97.08749587,50.24
11/19/2025 12:35,237568,0,0,0,36.13908912,-97.08749219,50.16
11/19/2025 12:35,237568,0,0,0,36.13888426,-97.08748765,50.96
11/19/2025 12:35,237568,0,0,0,36.13868297,-97.08748244,50.08
11/19/2025 12:35,237568,0,0,0,36.13847897,-97.08747799,50.75
11/19/2025 12:35,237568,0,0,0,36.1382752,-97.08747531,50.69
11/19/2025 12:35,237568,0,0,0,36.13807188,-97.08747271,50.58
11/19/2025 12:35,237568,0,0,0,36.13786758,-97.087471,50.82
11/19/2025 12:35,241664,4096,10.45,1,36.13766333,-97.08747044,50.8
11/19/2025 12:36,241664,0,10.45,1,36.13745799,-97.08746854,51.08
11/19/2025 12:36,241664,0,10.45,1,36.13725218,-97.08746442,51.2
11/19/2025 12:36,245760,4096,20.9,1,36.13701173,-97.08745858,59.82
11/19/2025 12:36,245760,0,10.45,1,36.13680469,-97.08745583,51.5
11/19/2025 12:36,245760,0,10.45,1,36.13659562,-97.08745298,52.01
11/19/2025 12:36,249856,4096,20.9,1,36.13639092,-97.08745161,50.92
11/19/2025 12:36,249856,0,10.45,1,36.13618398,-97.08744814,51.48
11/19/2025 12:36,253952,4096,20.9,1,36.13597753,-97.08744381,51.36
11/19/2025 12:36,253952,0,20.9,1,36.13577116,-97.08743944,51.34
11/19/2025 12:36,253952,0,10.45,1,36.13556477,-97.08743498,51.34
11/19/2025 12:36,258048,4096,20.9,1,36.13535973,-97.08743107,51.01
11/19/2025 12:36,258048,0,10.45,1,36.13515425,-97.08742842,51.11
11/19/2025 12:36,258048,0,10.45,1,36.13495018,-97.08742618,50.76
11/19/2025 12:36,262144,4096,20.9,1,36.13474617,-97.08742463,50.75
11/19/2025 12:36,262144,0,10.45,1,36.13454273,-97.08742248,50.6
11/19/2025 12:36,262144,0,10.45,1,36.13433951,-97.08741954,50.55
11/19/2025 12:36,266240,4096,20.9,1,36.13413746,-97.08741711,50.26
11/19/2025 12:36,266240,0,10.45,1,36.13393533,-97.08741507,50.28
11/19/2025 12:36,266240,0,10.45,1,36.13373363,-97.08741242,50.17
11/19/2025 12:36,270336,4096,20.9,1,36.13353155,-97.08741128,50.26
11/19/2025 12:36,270336,0,10.45,1,36.13332937,-97.08741016,50.29
11/19/2025 12:36,270336,0,10.45,1,36.13312568,-97.08740871,50.66
11/19/2025 12:36,270336,0,10.45,1,36.13292171,-97.08740533,50.74
11/19/2025 12:36,274432,4096,10.45,1,36.13271685,-97.08740094,50.96
11/19/2025 12:36,274432,0,10.45,1,36.13251243,-97.08739738,50.85
11/19/2025 12:36,278528,4096,20.9,1,36.13230852,-97.08739396,50.72
11/19/2025 12:36,278528,0,20.9,1,36.13210589,-97.08739194,50.4
11/19/2025 12:36,278528,0,10.45,1,36.13190339,-97.08738923,50.37
11/19/2025 12:36,282624,4096,20.9,1,36.13170137,-97.08738349,50.26
11/19/2025 12:36,282624,0,10.45,1,36.13150419,-97.08737099,49.11
11/19/2025 12:36,282624,0,10.45,1,36.13131388,-97.08735605,47.43
11/19/2025 12:36,286720,4096,20.9,1,36.13113637,-97.08734371,44.22
11/19/2025 12:36,286720,0,10.45,1,36.1309786,-97.08732951,39.35
11/19/2025 12:36,286720,0,10.45,1,36.13084968,-97.08730948,32.32
11/19/2025 12:36,290816,4096,20.9,1,36.13074049,-97.08729601,27.29
11/19/2025 12:36,290816,0,10.45,1,36.13065074,-97.08729195,22.34
11/19/2025 12:36,290816,0,10.45,1,36.13058414,-97.08728985,16.57
11/19/2025 12:36,290816,0,10.45,1,36.13054301,-97.08728922,10.23
11/19/2025 12:36,294912,4096,10.45,1,36.13052857,-97.08728932,3.59
11/19/2025 12:36,294912,0,10.45,1,36.1305246,-97.08728859,1
11/19/2025 12:36,294912,0,10.45,1,36.13052329,-97.08728811,0.34
11/19/2025 12:36,299008,4096,20.9,1,36.13052128,-97.08728802,0.5
11/19/2025 12:36,299008,0,10.45,1,36.13052072,-97.08728729,0.2
11/19/2025 12:36,299008,0,10.45,1,36.13052072,-97.08728726,0.01
11/19/2025 12:36,303104,4096,20.9,1,36.13052071,-97.08728726,0
11/19/2025 12:36,303104,0,10.45,1,36.13052071,-97.08728726,0
11/19/2025 12:36,303104,0,10.45,1,36.13052071,-97.08728725,0
11/19/2025 12:36,307200,4096,20.9,1,36.13052071,-97.08728724,0
11/19/2025 12:36,307200,0,10.45,1,36.1305207,-97.08728724,0
11/19/2025 12:36,307200,0,10.45,1,36.1305207,-97.08728723,0
11/19/2025 12:37,311296,4096,20.9,1,36.1305207,-97.08728722,0
11/19/2025 12:37,311296,0,10.45,1,36.1305207,-97.08728722,0
11/19/2025 12:37,311296,0,10.45,1,36.1305207,-97.08728721,0
11/19/2025 12:37,315392,4096,20.9,1,36.13052069,-97.08728721,0
11/19/2025 12:37,315392,0,10.45,1,36.13052068,-97.08728721,0
11/19/2025 12:37,319488,4096,20.9,1,36.13050206,-97.08728372,4.68
11/19/2025 12:37,319488,0,20.9,1,36.13046781,-97.08726353,9.44
11/19/2025 12:37,319488,0,10.45,1,36.1304256,-97.087215,14.33
11/19/2025 12:37,323584,4096,20.9,1,36.13039386,-97.0871361,17.71
11/19/2025 12:37,323584,0,10.45,1,36.13037846,-97.08703751,20.17
11/19/2025 12:37,323584,0,10.45,1,36.1303766,-97.08692443,22.72
11/19/2025 12:37,323584,0,10.45,1,36.13037848,-97.08679756,25.49
11/19/2025 12:37,323584,0,0,0,36.13038114,-97.08665813,28.02
11/19/2025 12:37,323584,0,0,0,36.13038336,-97.08651124,29.52
11/19/2025 12:37,323584,0,0,0,36.1303853,-97.08635718,30.95
11/19/2025 12:37,323584,0,0,0,36.13038538,-97.08619671,32.24
11/19/2025 12:37,323584,0,0,0,36.13038626,-97.08600426,38.66
11/19/2025 12:37,323584,0,0,0,36.1303862,-97.08583914,33.17
11/19/2025 12:37,323584,0,0,0,36.13038641,-97.08567604,32.77
11/19/2025 12:37,323584,0,0,0,36.13038736,-97.08552279,30.79
11/19/2025 12:37,323584,0,0,0,36.13038776,-97.08538799,27.08
11/19/2025 12:37,323584,0,0,0,36.13038931,-97.08527852,22
11/19/2025 12:37,323584,0,0,0,36.13038518,-97.08520352,15.1
11/19/2025 12:37,323584,0,0,0,36.13036427,-97.08514862,12.19
11/19/2025 12:37,323584,0,0,0,36.13032965,-97.08511091,11.47
11/19/2025 12:37,323584,0,0,0,36.1302863,-97.08509422,11.29
11/19/2025 12:37,323584,0,0,0,36.13024902,-97.08507221,10.27
11/19/2025 12:37,323584,0,0,0,36.13023073,-97.08503027,9.58
11/19/2025 12:37,323584,0,0,0,36.13023678,-97.08499456,7.33
11/19/2025 12:37,323584,0,0,0,36.13024321,-97.08498051,3.24
11/19/2025 12:37,323584,0,0,0,36.13024316,-97.08497955,0.19
11/19/2025 12:37,323584,0,0,0,36.13024304,-97.08497863,0.19
11/19/2025 12:37,323584,0,0,0,36.13024323,-97.08498823,1.93
11/19/2025 12:37,323584,0,0,0,36.13024247,-97.08500764,3.9
11/19/2025 12:37,323584,0,0,0,36.13023916,-97.08502519,3.62
11/19/2025 12:37,323584,0,0,0,36.1302331,-97.08503137,1.95
11/19/2025 12:37,323584,0,0,0,36.1302334,-97.08503073,0.15
11/19/2025 12:37,323584,0,0,0,36.13023203,-97.08503454,0.84
11/19/2025 12:37,323584,0,0,0,36.13023921,-97.08503348,1.8
11/19/2025 12:37,323584,0,0,0,36.13025753,-97.08503631,4.59
11/19/2025 12:37,323584,0,0,0,36.13028537,-97.08504236,7.03
11/19/2025 12:37,323584,0,0,0,36.13031448,-97.08504579,7.27
11/19/2025 12:37,323584,0,0,0,36.13034893,-97.08505428,8.74
11/19/2025 12:37,323584,0,0,0,36.1303899,-97.08508362,11.77
11/19/2025 12:37,323584,0,0,0,36.13041859,-97.08513927,13.26
11/19/2025 12:37,323584,0,0,0,36.1304309,-97.08521957,16.42
11/19/2025 12:37,323584,0,0,0,36.13043336,-97.08531434,19.05
11/19/2025 12:37,323584,0,0,0,36.13043249,-97.08542053,21.34
11/19/2025 12:37,323584,0,0,0,36.13043123,-97.08553665,23.33
11/19/2025 12:37,323584,0,0,0,36.13043144,-97.08566277,25.34
11/19/2025 12:38,323584,0,0,0,36.1304295,-97.08579627,26.82
11/19/2025 12:38,323584,0,0,0,36.13042997,-97.08593149,27.17
11/19/2025 12:38,323584,0,0,0,36.13042767,-97.08606697,27.22
11/19/2025 12:38,323584,0,0,0,36.13042649,-97.0862005,26.83
11/19/2025 12:38,323584,0,0,0,36.13042544,-97.08632813,25.64
11/19/2025 12:38,323584,0,0,0,36.13042374,-97.08644519,23.52
11/19/2025 12:38,323584,0,0,0,36.13042241,-97.08654579,20.21
11/19/2025 12:38,323584,0,0,0,36.13042214,-97.08662967,16.85
11/19/2025 12:38,323584,0,0,0,36.13042158,-97.08669669,13.46
11/19/2025 12:38,323584,0,0,0,36.13042011,-97.08674576,9.86
11/19/2025 12:38,323584,0,0,0,36.13041816,-97.08676772,4.44
11/19/2025 12:38,323584,0,0,0,36.13041884,-97.08677368,1.21
11/19/2025 12:38,323584,0,0,0,36.1304187,-97.08677485,0.24
11/19/2025 12:38,323584,0,0,0,36.13041998,-97.08677471,0.32
11/19/2025 12:38,323584,0,0,0,36.13041991,-97.08677464,0.02
11/19/2025 12:38,323584,0,0,0,36.13041987,-97.0867747,0.02
11/19/2025 12:38,323584,0,0,0,36.13041984,-97.08677476,0.01
11/19/2025 12:38,323584,0,0,0,36.13041981,-97.0867748,0.01
11/19/2025 12:38,323584,0,0,0,36.13041979,-97.08677483,0.01
11/19/2025 12:38,323584,0,0,0,36.13042044,-97.08679425,3.9
11/19/2025 12:38,323584,0,0,0,36.13041967,-97.08683985,9.16
11/19/2025 12:38,323584,0,0,0,36.13041853,-97.08690134,12.36
11/19/2025 12:38,323584,0,0,0,36.13041847,-97.08697991,15.78
11/19/2025 12:38,323584,0,0,0,36.13042185,-97.08705787,15.69
11/19/2025 12:38,323584,0,0,0,36.13043579,-97.08712392,13.71
11/19/2025 12:38,323584,0,0,0,36.13046928,-97.08716764,12.11
11/19/2025 12:38,323584,0,0,0,36.13051347,-97.0871901,11.88
11/19/2025 12:38,327680,4096,10.45,1,36.13057018,-97.08719485,14.14
11/19/2025 12:38,327680,0,10.45,1,36.13063864,-97.08719951,17.06
11/19/2025 12:38,327680,0,10.45,1,36.13071505,-97.08720355,19.02
11/19/2025 12:38,327680,0,10.45,1,36.13081949,-97.08720863,26
11/19/2025 12:38,331776,4096,10.45,1,36.13092294,-97.08721307,25.75
11/19/2025 12:38,331776,0,10.45,1,36.13103645,-97.08721934,28.26
11/19/2025 12:38,331776,0,10.45,1,36.13116114,-97.08722746,31.06
11/19/2025 12:38,331776,0,10.45,1,36.13129213,-97.08723582,32.62
11/19/2025 12:38,331776,0,0,0,36.13142122,-97.08724169,32.13
11/19/2025 12:38,335872,4096,10.45,1,36.13154667,-97.08724554,31.21
11/19/2025 12:38,335872,0,10.45,1,36.1316722,-97.08724824,31.23
11/19/2025 12:38,335872,0,10.45,1,36.13179778,-97.08724952,31.24
11/19/2025 12:38,339968,4096,20.9,1,36.13192309,-97.08725056,31.17
11/19/2025 12:38,339968,0,10.45,1,36.1320484,-97.08725244,31.17
11/19/2025 12:38,339968,0,10.45,1,36.13217353,-97.08725494,31.13
11/19/2025 12:38,344064,4096,20.9,1,36.1322987,-97.08725728,31.14
11/19/2025 12:38,344064,0,10.45,1,36.13242339,-97.08725888,31.02
11/19/2025 12:38,344064,0,10.45,1,36.1325483,-97.0872609,31.07
11/19/2025 12:38,348160,4096,20.9,1,36.13267173,-97.08726348,30.71
11/19/2025 12:38,348160,0,10.45,1,36.13279593,-97.08726668,30.9
11/19/2025 12:38,348160,0,10.45,1,36.13291956,-97.08726906,30.75
11/19/2025 12:38,352256,4096,20.9,1,36.13304332,-97.08727132,30.79
11/19/2025 12:38,352256,0,10.45,1,36.13316997,-97.08727338,31.5
11/19/2025 12:39,352256,0,10.45,1,36.13329648,-97.08727469,31.47
11/19/2025 12:39,356352,4096,20.9,1,36.13342367,-97.08727576,31.64
11/19/2025 12:39,356352,0,10.45,1,36.13355212,-97.0872782,31.95
11/19/2025 12:39,356352,0,10.45,1,36.13367944,-97.08728058,31.67
11/19/2025 12:39,360448,4096,20.9,1,36.13380635,-97.08728134,31.57
11/19/2025 12:39,360448,0,10.45,1,36.13393329,-97.08728279,31.58
11/19/2025 12:39,364544,4096,20.9,1,36.1340595,-97.08728498,31.39
11/19/2025 12:39,364544,0,20.9,1,36.13418512,-97.0872877,31.25
11/19/2025 12:39,364544,0,10.45,1,36.134311,-97.08728915,31.31
11/19/2025 12:39,368640,4096,20.9,1,36.13443604,-97.08728946,31.1
11/19/2025 12:39,368640,0,10.45,1,36.1345614,-97.08729055,31.18
11/19/2025 12:39,368640,0,10.45,1,36.13468694,-97.08729137,31.23
11/19/2025 12:39,372736,4096,20.9,1,36.13481191,-97.08729226,31.09
11/19/2025 12:39,372736,0,10.45,1,36.13493866,-97.08729408,31.53
11/19/2025 12:39,372736,0,10.45,1,36.13506289,-97.08729546,30.9
11/19/2025 12:39,376832,4096,20.9,1,36.1351877,-97.08729811,31.05
11/19/2025 12:39,376832,0,10.45,1,36.13531318,-97.08729873,31.21
11/19/2025 12:39,376832,0,10.45,1,36.13543783,-97.08730065,31.01
11/19/2025 12:39,380928,4096,20.9,1,36.13556383,-97.0873027,31.34
11/19/2025 12:39,380928,0,10.45,1,36.13568981,-97.08730461,31.34
11/19/2025 12:39,380928,0,10.45,1,36.1358164,-97.08730683,31.49
11/19/2025 12:39,385024,4096,20.9,1,36.13594258,-97.08730868,31.39
11/19/2025 12:39,385024,0,10.45,1,36.1360686,-97.08731033,31.35
11/19/2025 12:39,385024,0,10.45,1,36.13619493,-97.08731209,31.42
11/19/2025 12:39,389120,4096,20.9,1,36.136322,-97.08731337,31.61
11/19/2025 12:39,389120,0,10.45,1,36.13644839,-97.08731445,31.44
11/19/2025 12:39,389120,0,10.45,1,36.13657553,-97.08731489,31.62
11/19/2025 12:39,393216,4096,20.9,1,36.13670332,-97.08731624,31.79
11/19/2025 12:39,393216,0,10.45,1,36.13683072,-97.08731761,31.69
11/19/2025 12:39,393216,0,10.45,1,36.13695945,-97.08731862,32.02
11/19/2025 12:39,397312,4096,20.9,1,36.13708826,-97.08732039,32.04
11/19/2025 12:39,397312,0,10.45,1,36.13721668,-97.08732267,31.95
11/19/2025 12:39,397312,0,10.45,1,36.13734492,-97.08732526,31.9
11/19/2025 12:39,401408,4096,20.9,1,36.13747334,-97.08732661,31.94
11/19/2025 12:39,401408,0,10.45,1,36.13760316,-97.08732969,32.3
11/19/2025 12:39,401408,0,10.45,1,36.13773111,-97.0873329,31.83
11/19/2025 12:39,405504,4096,20.9,1,36.13785851,-97.08733531,31.69
11/19/2025 12:39,405504,0,10.45,1,36.13798629,-97.08733674,31.78
11/19/2025 12:39,405504,0,10.45,1,36.1381147,-97.08733797,31.94
11/19/2025 12:39,405504,0,10.45,1,36.13824347,-97.08733926,32.03
11/19/2025 12:39,405504,0,0,0,36.13837241,-97.08734046,32.07
11/19/2025 12:39,405504,0,0,0,36.13850073,-97.0873421,31.92
11/19/2025 12:39,405504,0,0,0,36.13862773,-97.08734442,31.59
11/19/2025 12:39,405504,0,0,0,36.13875455,-97.08734624,31.55
11/19/2025 12:39,405504,0,0,0,36.13890543,-97.08734822,37.53
11/19/2025 12:39,405504,0,0,0,36.13904443,-97.08735019,34.58
11/19/2025 12:39,405504,0,0,0,36.13918833,-97.08735229,35.8
11/19/2025 12:39,405504,0,0,0,36.13933796,-97.08735563,37.22
11/19/2025 12:39,405504,0,0,0,36.1394918,-97.08735947,38.27
11/19/2025 12:40,405504,0,0,0,36.13964895,-97.08736305,39.1
11/19/2025 12:40,405504,0,0,0,36.13980888,-97.08736578,39.78
11/19/2025 12:40,405504,0,0,0,36.13997087,-97.08736883,40.3
11/19/2025 12:40,405504,0,0,0,36.14013485,-97.08737278,40.79
11/19/2025 12:40,405504,0,0,0,36.14029995,-97.08737701,41.07
11/19/2025 12:40,405504,0,0,0,36.14046846,-97.08738161,41.93
11/19/2025 12:40,405504,0,0,0,36.14063809,-97.08738484,42.2
11/19/2025 12:40,405504,0,0,0,36.1408084,-97.08738845,42.37
11/19/2025 12:40,405504,0,0,0,36.14098151,-97.0873916,43.06
11/19/2025 12:40,405504,0,0,0,36.14115715,-97.08739379,43.69
11/19/2025 12:40,405504,0,0,0,36.14133573,-97.08739673,44.43
11/19/2025 12:40,405504,0,0,0,36.14151661,-97.08739857,44.99
11/19/2025 12:40,405504,0,0,0,36.14169981,-97.08740145,45.57
11/19/2025 12:40,405504,0,0,0,36.14188387,-97.08740461,45.79
11/19/2025 12:40,405504,0,0,0,36.14206624,-97.08740826,45.37
11/19/2025 12:40,405504,0,0,0,36.1422429,-97.08741209,43.95
11/19/2025 12:40,405504,0,0,0,36.14241108,-97.08741457,41.84
11/19/2025 12:40,405504,0,0,0,36.14257251,-97.08741696,40.16
11/19/2025 12:40,405504,0,0,0,36.14273015,-97.08741978,39.21
11/19/2025 12:40,405504,0,0,0,36.14288641,-97.08742314,38.87
11/19/2025 12:40,405504,0,0,0,36.14304158,-97.08742801,38.61
11/19/2025 12:40,405504,0,0,0,36.14319079,-97.08743022,37.12
11/19/2025 12:40,405504,0,0,0,36.14332627,-97.08743059,33.7
11/19/2025 12:40,405504,0,0,0,36.1434436,-97.08743021,29.18
11/19/2025 12:40,405504,0,0,0,36.14353002,-97.08742235,21.55
11/19/2025 12:40,405504,0,0,0,36.14358073,-97.08739769,13.55
11/19/2025 12:40,405504,0,0,0,36.14360652,-97.08735423,10.83
11/19/2025 12:40,405504,0,0,0,36.14361733,-97.08730579,10.09
11/19/2025 12:40,405504,0,0,0,36.1436259,-97.08725322,10.77
11/19/2025 12:40,405504,0,0,0,36.14364233,-97.08719987,11.47
11/19/2025 12:40,405504,0,0,0,36.14367725,-97.08715796,12.1
