timestamp,rx_size,delta_bytes,pps,pdr,latitude,longitude,speed_mph,t_sec,dt_sec,has_pkts,time_since_last_pkt,dist_RSU1_m,nearest_rsu,dist_from_rsu_m,elevation_m
11/19/2025 13:09,409518,0,0,0,36.13020632,-97.12091646,,0,0,0,0,1792.135733,RSU1,1792.135733,274.3886719
11/19/2025 13:09,409518,0,0,0,36.13020633,-97.12091645,0,1,1,0,1,1792.134828,RSU1,1792.134828,274.3886719
11/19/2025 13:09,409518,0,0,0,36.13020634,-97.12091648,0.01,2,1,0,2,1792.137516,RSU1,1792.137516,274.3886719
11/19/2025 13:09,409518,0,0,0,36.13020634,-97.1209165,0,3,1,0,3,1792.139312,RSU1,1792.139312,274.3886719
11/19/2025 13:09,409518,0,0,0,36.13020632,-97.12091652,0.01,4,1,0,4,1792.141121,RSU1,1792.141121,274.3886719
11/19/2025 13:09,409518,0,0,0,36.13020631,-97.12091653,0,5,1,0,5,1792.142026,RSU1,1792.142026,274.3886719
11/19/2025 13:09,409518,0,0,0,36.13020631,-97.12091654,0,6,1,0,6,1792.142924,RSU1,1792.142924,274.3886719
11/19/2025 13:09,409518,0,0,0,36.13020632,-97.12091653,0,7,1,0,7,1792.142019,RSU1,1792.142019,274.3886719
11/19/2025 13:09,409518,0,0,0,36.13020631,-97.12091652,0,8,1,0,8,1792.141128,RSU1,1792.141128,274.3886719
11/19/2025 13:09,0,0,0,0,36.13020632,-97.12091651,0,9,1,0,9,1792.140223,RSU1,1792.140223,274.3886719
11/19/2025 13:09,0,0,0,0,36.13020631,-97.1209165,0,10,1,0,10,1792.139332,RSU1,1792.139332,274.3886719
11/19/2025 13:09,0,0,0,0,36.1302063,-97.12091649,0,11,1,0,11,1792.13844,RSU1,1792.13844,274.3886719
11/19/2025 13:09,0,0,0,0,36.13020628,-97.12091644,0.01,12,1,0,12,1792.133963,RSU1,1792.133963,274.3886719
11/19/2025 13:09,0,0,0,0,36.13020625,-97.12091644,0.01,13,1,0,13,1792.133983,RSU1,1792.133983,274.3886719
11/19/2025 13:09,0,0,0,0,36.13020625,-97.12091643,0,14,1,0,14,1792.133085,RSU1,1792.133085,274.3886719
11/19/2025 13:09,0,0,0,0,36.13020626,-97.12091641,0,15,1,0,15,1792.131282,RSU1,1792.131282,274.3886719
11/19/2025 13:09,0,0,0,0,36.13020627,-97.12091638,0.01,16,1,0,16,1792.128581,RSU1,1792.128581,274.3886719
11/19/2025 13:09,0,0,0,0,36.13020627,-97.12091633,0.01,17,1,0,17,1792.124091,RSU1,1792.124091,274.3886719
11/19/2025 13:09,0,0,0,0,36.13020627,-97.12091631,0,18,1,0,18,1792.122294,RSU1,1792.122294,274.3886719
11/19/2025 13:09,0,0,0,0,36.13020625,-97.12091631,0,19,1,0,19,1792.122308,RSU1,1792.122308,274.3886719
11/19/2025 13:09,0,0,0,0,36.13021993,-97.12091321,3.46,20,1,0,20,1791.835542,RSU1,1791.835542,274.3886719
11/19/2025 13:09,0,0,0,0,36.13024613,-97.12090355,6.8,21,1,0,21,1790.955578,RSU1,1790.955578,273.8886719
11/19/2025 13:09,0,0,0,0,36.13027212,-97.12087326,8.88,22,1,0,22,1788.227615,RSU1,1788.227615,273.7886658
11/19/2025 13:09,0,0,0,0,36.1302858,-97.12081662,11.88,23,1,0,23,1783.138648,RSU1,1783.138648,274.2486572
11/19/2025 13:09,0,0,0,0,36.13028602,-97.12073925,15.54,24,1,0,24,1776.190048,RSU1,1776.190048,273.9420471
11/19/2025 13:09,0,0,0,0,36.13028452,-97.12064048,19.85,25,1,0,25,1767.319717,RSU1,1767.319717,273.1820679
11/19/2025 13:09,0,0,0,0,36.13028365,-97.12051864,24.48,26,1,0,26,1756.377412,RSU1,1756.377412,272.7472839
11/19/2025 13:09,0,0,0,0,36.13028579,-97.12038429,27,27,1,0,27,1744.311227,RSU1,1744.311227,272.9872742
11/19/2025 13:09,0,0,0,0,36.13028502,-97.12023494,30,28,1,0,28,1730.898239,RSU1,1730.898239,272.8232422
11/19/2025 13:09,0,0,0,0,36.13028704,-97.12007242,32.65,29,1,0,29,1716.302144,RSU1,1716.302144,272.7032471
11/19/2025 13:09,0,0,0,0,36.13028887,-97.11989651,35.34,30,1,0,30,1700.503541,RSU1,1700.503541,272.6391602
11/19/2025 13:09,0,0,0,0,36.13029136,-97.11970693,38.09,31,1,0,31,1683.477211,RSU1,1683.477211,272.6358032
11/19/2025 13:09,0,0,0,0,36.13029431,-97.11950742,40.09,32,1,0,32,1665.559088,RSU1,1665.559088,272.9831543
11/19/2025 13:09,0,0,0,0,36.13029652,-97.11929913,41.85,33,1,0,33,1646.852524,RSU1,1646.852524,273.4598389
11/19/2025 13:09,0,0,0,0,36.1302973,-97.11908464,43.09,34,1,0,34,1627.589211,RSU1,1627.589211,274.0348206
11/19/2025 13:09,0,0,0,0,36.1302989,-97.11886283,44.56,35,1,0,35,1607.668478,RSU1,1607.668478,274.5548096
11/19/2025 13:09,0,0,0,0,36.13029908,-97.11863782,45.2,36,1,0,36,1587.460391,RSU1,1587.460391,275.1854553
11/19/2025 13:09,0,0,0,0,36.13029825,-97.11841087,45.6,37,1,0,37,1567.078093,RSU1,1567.078093,275.8326416
11/19/2025 13:09,0,0,0,0,36.13029662,-97.11818141,46.1,38,1,0,38,1546.470405,RSU1,1546.470405,276.5557861
11/19/2025 13:09,0,0,0,0,36.13029381,-97.11795055,46.38,39,1,0,39,1525.73707,RSU1,1525.73707,277.170166
11/19/2025 13:09,0,0,0,0,36.1302934,-97.11771534,47.25,40,1,0,40,1504.612954,RSU1,1504.612954,277.946991
11/19/2025 13:09,0,0,0,0,36.13029493,-97.11747769,47.74,41,1,0,41,1483.269588,RSU1,1483.269588,278.5851135
11/19/2025 13:09,0,0,0,0,36.13029607,-97.11723702,48.35,42,1,0,42,1461.65503,RSU1,1461.65503,279.2067261
11/19/2025 13:09,0,0,0,0,36.1302968,-97.11699173,49.28,43,1,0,43,1439.625576,RSU1,1439.625576,280.0707092
11/19/2025 13:09,0,0,0,0,36.13029738,-97.11674404,49.76,44,1,0,44,1417.380588,RSU1,1417.380588,280.9626465
11/19/2025 13:09,0,0,0,0,36.13029727,-97.11649073,50.89,45,1,0,45,1394.630892,RSU1,1394.630892,281.8502808
11/19/2025 13:09,0,0,0,0,36.13029821,-97.11623422,51.53,46,1,0,46,1371.593775,RSU1,1371.593775,282.7562256
11/19/2025 13:09,0,0,0,0,36.13030017,-97.11597106,52.87,47,1,0,47,1347.959419,RSU1,1347.959419,283.5959473
11/19/2025 13:09,0,0,0,0,36.13030201,-97.11570597,53.26,48,1,0,48,1324.151764,RSU1,1324.151764,284.2728271
11/19/2025 13:09,0,0,0,0,36.13030345,-97.11544023,53.39,49,1,0,49,1300.285756,RSU1,1300.285756,284.8192444
11/19/2025 13:09,0,0,0,0,36.13030318,-97.11517448,53.39,50,1,0,50,1276.41882,RSU1,1276.41882,285.6098328
11/19/2025 13:09,0,0,0,0,36.13030266,-97.11490867,53.4,51,1,0,51,1252.546489,RSU1,1252.546489,286.2270813
11/19/2025 13:09,0,0,0,0,36.13030261,-97.11464331,53.31,52,1,0,52,1228.714583,RSU1,1228.714583,286.5905151
11/19/2025 13:09,0,0,0,0,36.13030229,-97.11437341,54.22,53,1,0,53,1204.474936,RSU1,1204.474936,286.2478333
11/19/2025 13:09,0,0,0,0,36.1303023,-97.11410295,54.33,54,1,0,54,1180.185002,RSU1,1180.185002,285.9000549
11/19/2025 13:09,0,0,0,0,36.13030208,-97.11383273,54.29,55,1,0,55,1155.916618,RSU1,1155.916618,285.460083
11/19/2025 13:09,0,0,0,0,36.13030146,-97.11356417,53.95,56,1,0,56,1131.797314,RSU1,1131.797314,285.1076355
11/19/2025 13:09,0,0,0,0,36.13030125,-97.11329763,53.55,57,1,0,57,1107.859431,RSU1,1107.859431,284.9549561
11/19/2025 13:09,0,0,0,0,36.13030122,-97.11303265,53.23,58,1,0,58,1084.061652,RSU1,1084.061652,284.6166992
11/19/2025 13:09,0,0,0,0,36.1303005,-97.11276766,53.24,59,1,0,59,1060.262973,RSU1,1060.262973,284.312561
11/19/2025 13:10,0,0,0,0,36.1303001,-97.11250214,53.34,60,1,0,60,1036.416699,RSU1,1036.416699,284.0081482
11/19/2025 13:10,0,0,0,0,36.13029934,-97.11223733,53.2,61,1,0,61,1012.634195,RSU1,1012.634195,283.7406006
11/19/2025 13:10,0,0,0,0,36.13029893,-97.11197296,53.11,62,1,0,62,988.8912078,RSU1,988.8912078,283.3956604
11/19/2025 13:10,0,0,0,0,36.13029883,-97.11170705,53.42,63,1,0,63,965.0099082,RSU1,965.0099082,282.8576965
11/19/2025 13:10,0,0,0,0,36.13029922,-97.11144071,53.51,64,1,0,64,941.0899811,RSU1,941.0899811,282.4961548
11/19/2025 13:10,0,0,0,0,36.13030045,-97.11117497,53.39,65,1,0,65,917.2239372,RSU1,917.2239372,282.0226135
11/19/2025 13:10,0,0,0,0,36.13030074,-97.11090912,53.41,66,1,0,66,893.348025,RSU1,893.348025,281.487793
11/19/2025 13:10,0,0,0,0,36.1303,-97.11064267,53.53,67,1,0,67,869.4182265,RSU1,869.4182265,281.2587585
11/19/2025 13:10,0,0,0,0,36.13030119,-97.11037805,53.16,68,1,0,68,845.6527833,RSU1,845.6527833,281.2392578
11/19/2025 13:10,0,0,0,0,36.13030259,-97.11011362,53.13,69,1,0,69,821.904433,RSU1,821.904433,281.0419312
11/19/2025 13:10,0,0,0,0,36.13030383,-97.10984967,53.03,70,1,0,70,798.1992156,RSU1,798.1992156,280.8825378
11/19/2025 13:10,0,0,0,0,36.13030564,-97.10958458,53.26,71,1,0,71,774.3916899,RSU1,774.3916899,280.9685059
11/19/2025 13:10,0,0,0,0,36.13030742,-97.10932014,53.13,72,1,0,72,750.6426004,RSU1,750.6426004,280.8178101
11/19/2025 13:10,0,0,0,0,36.13030781,-97.10905486,53.29,73,1,0,73,726.8179436,RSU1,726.8179436,280.7745056
11/19/2025 13:10,0,0,0,0,36.13030757,-97.10878857,53.5,74,1,0,74,702.9025017,RSU1,702.9025017,280.5400085
11/19/2025 13:10,4096,4096,10.45,1,36.13030758,-97.10852102,53.75,75,1,1,0,678.8739324,RSU1,678.8739324,280.2778931
11/19/2025 13:10,4096,0,10.45,1,36.13030721,-97.1082535,53.75,76,1,0,1,654.8480073,RSU1,654.8480073,279.6400757
11/19/2025 13:10,4096,0,10.45,1,36.13030539,-97.1079831,54.32,77,1,0,2,630.5632626,RSU1,630.5632626,278.4097595
11/19/2025 13:10,8192,4096,20.9,1,36.13030286,-97.10766539,63.83,78,1,1,0,602.0296274,RSU1,602.0296274,276.9042969
11/19/2025 13:10,8192,0,10.45,1,36.13030091,-97.10739341,54.64,79,1,0,1,577.6031133,RSU1,577.6031133,275.492157
11/19/2025 13:10,8192,0,10.45,1,36.13029994,-97.10712514,53.9,80,1,0,2,553.5098554,RSU1,553.5098554,274.2200012
11/19/2025 13:10,12288,4096,20.9,1,36.13029916,-97.10685855,53.56,81,1,1,0,529.567494,RSU1,529.567494,273.4867249
11/19/2025 13:10,12288,0,10.45,1,36.1302986,-97.10659381,53.19,82,1,0,1,505.7912871,RSU1,505.7912871,272.4512939
11/19/2025 13:10,12288,0,10.45,1,36.13029976,-97.10633016,52.97,83,1,0,2,482.1129284,RSU1,482.1129284,271.5559692
11/19/2025 13:10,16384,4096,20.9,1,36.13030051,-97.10606776,52.72,84,1,1,0,458.5468594,RSU1,458.5468594,271.0884705
11/19/2025 13:10,16384,0,10.45,1,36.13030059,-97.10580571,52.65,85,1,0,1,435.0122245,RSU1,435.0122245,270.7080078
11/19/2025 13:10,16384,0,10.45,1,36.13030096,-97.10554506,52.36,86,1,0,2,411.6033299,RSU1,411.6033299,270.3876953
11/19/2025 13:10,20480,4096,20.9,1,36.13030136,-97.10528539,52.17,87,1,1,0,388.2824557,RSU1,388.2824557,270.2353516
11/19/2025 13:10,20480,0,10.45,1,36.13030138,-97.10502456,52.4,88,1,0,1,364.8573903,RSU1,364.8573903,270.2469482
11/19/2025 13:10,20480,0,10.45,1,36.13030145,-97.10476234,52.68,89,1,0,2,341.3074924,RSU1,341.3074924,270.0655212
11/19/2025 13:10,24576,4096,20.9,1,36.13030198,-97.10449844,53.02,90,1,1,0,317.6067456,RSU1,317.6067456,269.9057922
11/19/2025 13:10,24576,0,10.45,1,36.13030307,-97.10423524,52.88,91,1,0,1,293.9689484,RSU1,293.9689484,269.9576111
11/19/2025 13:10,24576,0,10.45,1,36.13030389,-97.10397017,53.25,92,1,0,2,270.163234,RSU1,270.163234,269.7884521
11/19/2025 13:10,28672,4096,20.9,1,36.130304,-97.10370534,53.2,93,1,1,0,246.3789825,RSU1,246.3789825,269.7238464
11/19/2025 13:10,28672,0,10.45,1,36.1303056,-97.10344,53.31,94,1,0,1,222.5493403,RSU1,222.5493403,269.7417297
11/19/2025 13:10,28672,0,10.45,1,36.13030901,-97.10317445,53.36,95,1,0,2,198.7020213,RSU1,198.7020213,269.8051758
11/19/2025 13:10,32768,4096,20.9,1,36.13031155,-97.10290952,53.23,96,1,1,0,174.910921,RSU1,174.910921,264.5834961
11/19/2025 13:10,32768,0,10.45,1,36.13031075,-97.10264471,53.2,97,1,0,1,151.1284248,RSU1,151.1284248,269.665802
11/19/2025 13:10,32768,0,10.45,1,36.130311,-97.10238048,53.08,98,1,0,2,127.3991493,RSU1,127.3991493,269.7550659
11/19/2025 13:10,36864,4096,20.9,1,36.1303114,-97.102117,52.93,99,1,1,0,103.73796,RSU1,103.73796,269.9275818
11/19/2025 13:10,36864,0,10.45,1,36.13031216,-97.10185334,52.97,100,1,0,1,80.06240489,RSU1,80.06240489,270.2651978
11/19/2025 13:10,36864,0,10.45,1,36.13031322,-97.10158864,53.18,101,1,0,2,56.29755089,RSU1,56.29755089,270.337616
11/19/2025 13:10,40960,4096,20.9,1,36.13031577,-97.10132252,53.47,102,1,1,0,32.42564529,RSU1,32.42564529,270.6416321
11/19/2025 13:10,40960,0,10.45,1,36.13031782,-97.10105732,53.28,103,1,0,1,8.786992482,RSU1,8.786992482,270.9088745
11/19/2025 13:10,40960,0,10.45,1,36.13032035,-97.10079306,53.09,104,1,0,2,15.34026156,RSU1,15.34026156,271.4754639
11/19/2025 13:10,45056,4096,20.9,1,36.1303239,-97.1005317,52.51,105,1,1,0,38.73638518,RSU1,38.73638518,272.6587219
11/19/2025 13:10,45056,0,10.45,1,36.13032665,-97.10027299,51.98,106,1,0,1,61.95069695,RSU1,61.95069695,273.7455139
11/19/2025 13:10,49152,4096,20.9,1,36.1303295,-97.10001143,52.55,107,1,1,0,85.43340253,RSU1,85.43340253,274.5674133
11/19/2025 13:10,49152,0,20.9,1,36.13033145,-97.09974777,52.97,108,1,0,1,109.1056891,RSU1,109.1056891,275.5058289
11/19/2025 13:10,49152,0,10.45,1,36.13033251,-97.09948101,53.59,109,1,0,2,133.0563798,RSU1,133.0563798,276.2524109
11/19/2025 13:10,53248,4096,20.9,1,36.13033365,-97.09921417,53.61,110,1,1,0,157.0166717,RSU1,157.0166717,276.8041992
11/19/2025 13:10,53248,0,10.45,1,36.13033425,-97.09894579,53.92,111,1,0,1,181.1152542,RSU1,181.1152542,277.2171021
11/19/2025 13:10,53248,0,10.45,1,36.1303331,-97.09867763,53.87,112,1,0,2,205.1915904,RSU1,205.1915904,277.6209412
11/19/2025 13:10,57344,4096,20.9,1,36.13033282,-97.09840976,53.81,113,1,1,0,229.2449525,RSU1,229.2449525,277.9450684
11/19/2025 13:10,57344,0,10.45,1,36.13033324,-97.09814299,53.59,114,1,0,1,253.2014135,RSU1,253.2014135,278.4674683
11/19/2025 13:10,57344,0,10.45,1,36.13033367,-97.09787866,53.1,115,1,0,2,276.9391396,RSU1,276.9391396,279.1566467
11/19/2025 13:10,57344,0,10.45,1,36.13033386,-97.09761582,52.8,116,1,0,3,300.5429962,RSU1,300.5429962,280.3537292
11/19/2025 13:10,57344,0,0,0,36.1303354,-97.09735468,52.46,117,1,0,4,323.9962253,RSU1,323.9962253,281.6902161
11/19/2025 13:10,57344,0,0,0,36.13033699,-97.09709637,51.9,118,1,0,5,347.1954161,RSU1,347.1954161,283.1591797
11/19/2025 13:10,61440,4096,10.45,1,36.13033647,-97.09683753,52,119,1,1,0,370.4395924,RSU1,370.4395924,284.7015381
11/19/2025 13:11,61440,0,10.45,1,36.1303373,-97.09657814,52.11,120,1,0,1,393.7349752,RSU1,393.7349752,286.7501526
11/19/2025 13:11,61440,0,10.45,1,36.13033938,-97.0963179,52.29,121,1,0,2,417.1081846,RSU1,417.1081846,288.6180725
11/19/2025 13:11,61440,0,10.45,1,36.13034244,-97.0960524,53.34,122,1,0,3,440.9549169,RSU1,440.9549169,289.20047
11/19/2025 13:11,65536,4096,10.45,1,36.13034514,-97.0957821,54.31,123,1,1,0,465.2322933,RSU1,465.2322933,289.9420166
11/19/2025 13:11,65536,0,10.45,1,36.1303473,-97.09551011,54.65,124,1,0,1,489.6607944,RSU1,489.6607944,290.4966736
11/19/2025 13:11,65536,0,10.45,1,36.13034769,-97.09523774,54.72,125,1,0,2,514.1213596,RSU1,514.1213596,291.0630493
11/19/2025 13:11,65536,0,10.45,1,36.13034856,-97.09496972,53.84,126,1,0,3,538.1918882,RSU1,538.1918882,291.6469727
11/19/2025 13:11,65536,0,0,0,36.13034934,-97.09470264,53.66,127,1,0,4,562.177941,RSU1,562.177941,292.0745239
11/19/2025 13:11,65536,0,0,0,36.1303498,-97.0944365,53.47,128,1,0,5,586.0792789,RSU1,586.0792789,292.7319336
11/19/2025 13:11,65536,0,0,0,36.13035076,-97.09417106,53.33,129,1,0,6,609.9183147,RSU1,609.9183147,293.4459839
11/19/2025 13:11,65536,0,0,0,36.13035114,-97.09390529,53.39,130,1,0,7,633.7864279,RSU1,633.7864279,294.0150452
11/19/2025 13:11,65536,0,0,0,36.13035169,-97.09359846,61.64,131,1,0,8,661.3421976,RSU1,661.3421976,294.7288818
11/19/2025 13:11,65536,0,0,0,36.13035206,-97.09334174,51.57,132,1,0,9,684.3976441,RSU1,684.3976441,295.1278992
11/19/2025 13:11,65536,0,0,0,36.13035171,-97.09308994,50.59,133,1,0,10,707.010624,RSU1,707.010624,295.376709
11/19/2025 13:11,65536,0,0,0,36.13035125,-97.09284751,48.7,134,1,0,11,728.7820882,RSU1,728.7820882,295.5532227
11/19/2025 13:11,65536,0,0,0,36.13035129,-97.0926097,47.77,135,1,0,12,750.1391291,RSU1,750.1391291,295.7434998
11/19/2025 13:11,65536,0,0,0,36.13035164,-97.09237544,47.06,136,1,0,13,771.177642,RSU1,771.177642,295.6679382
11/19/2025 13:11,65536,0,0,0,36.13035151,-97.0921427,46.76,137,1,0,14,792.0792803,RSU1,792.0792803,295.6307983
11/19/2025 13:11,65536,0,0,0,36.13035056,-97.09191023,46.7,138,1,0,15,812.9560739,RSU1,812.9560739,295.5016174
11/19/2025 13:11,65536,0,0,0,36.13034903,-97.09167949,46.36,139,1,0,16,833.6771561,RSU1,833.6771561,295.3616333
11/19/2025 13:11,65536,0,0,0,36.13034789,-97.09144854,46.4,140,1,0,17,854.4174776,RSU1,854.4174776,295.0090637
11/19/2025 13:11,65536,0,0,0,36.13034755,-97.09121599,46.72,141,1,0,18,875.3020975,RSU1,875.3020975,294.519928
11/19/2025 13:11,65536,0,0,0,36.13034807,-97.09098146,47.12,142,1,0,19,896.3651286,RSU1,896.3651286,293.9231873
11/19/2025 13:11,65536,0,0,0,36.13034942,-97.09074623,47.26,143,1,0,20,917.4915737,RSU1,917.4915737,293.2601013
11/19/2025 13:11,65536,0,0,0,36.13035135,-97.0905109,47.28,144,1,0,21,938.6273864,RSU1,938.6273864,292.308197
11/19/2025 13:11,65536,0,0,0,36.13035331,-97.09027308,47.78,145,1,0,22,959.9868488,RSU1,959.9868488,291.0931396
11/19/2025 13:11,65536,0,0,0,36.13035466,-97.09002933,48.97,146,1,0,23,981.8784609,RSU1,981.8784609,289.7058716
11/19/2025 13:11,65536,0,0,0,36.13035602,-97.08977977,50.14,147,1,0,24,1004.291864,RSU1,1004.291864,288.4485168
11/19/2025 13:11,65536,0,0,0,36.13035838,-97.08952783,50.62,148,1,0,25,1026.9197,RSU1,1026.9197,287.4382324
11/19/2025 13:11,65536,0,0,0,36.13036108,-97.08927516,50.76,149,1,0,26,1049.613351,RSU1,1049.613351,286.539978
11/19/2025 13:11,65536,0,0,0,36.13036263,-97.08902418,50.42,150,1,0,27,1072.154418,RSU1,1072.154418,285.5693054
11/19/2025 13:11,65536,0,0,0,36.13036243,-97.0887812,48.81,151,1,0,28,1093.975783,RSU1,1093.975783,284.7007446
11/19/2025 13:11,65536,0,0,0,36.13036255,-97.08855535,45.37,152,1,0,29,1114.25898,RSU1,1114.25898,283.9153748
11/19/2025 13:11,65536,0,0,0,36.13036369,-97.08835498,40.25,153,1,0,30,1132.254579,RSU1,1132.254579,283.2028809
11/19/2025 13:11,65536,0,0,0,36.1303639,-97.08818937,33.27,154,1,0,31,1147.127815,RSU1,1147.127815,282.7686768
11/19/2025 13:11,65536,0,0,0,36.13036284,-97.08805422,27.15,155,1,0,32,1159.264654,RSU1,1159.264654,282.3686829
11/19/2025 13:11,65536,0,0,0,36.13036225,-97.08794224,22.5,156,1,0,33,1169.320976,RSU1,1169.320976,282.0248718
11/19/2025 13:11,65536,0,0,0,36.1303612,-97.08784271,20,157,1,0,34,1178.258905,RSU1,1178.258905,281.8248596
11/19/2025 13:11,65536,0,0,0,36.13036069,-97.08775979,16.66,158,1,0,35,1185.70548,RSU1,1185.70548,281.7248535
11/19/2025 13:11,65536,0,0,0,36.13036081,-97.08769981,12.05,159,1,0,36,1191.092253,RSU1,1191.092253,281.5829468
11/19/2025 13:11,65536,0,0,0,36.13036128,-97.08767021,5.95,160,1,0,37,1193.75087,RSU1,1193.75087,281.4629517
11/19/2025 13:11,65536,0,0,0,36.13036121,-97.08765239,3.58,161,1,0,38,1195.351209,RSU1,1195.351209,281.3829346
11/19/2025 13:11,65536,0,0,0,36.13036103,-97.08762578,5.35,162,1,0,39,1197.740894,RSU1,1197.740894,281.302948
11/19/2025 13:11,65536,0,0,0,36.13036109,-97.08758102,8.99,163,1,0,40,1201.760748,RSU1,1201.760748,281.2229309
11/19/2025 13:11,65536,0,0,0,36.13036165,-97.08751553,13.16,164,1,0,41,1207.642638,RSU1,1207.642638,281.0829468
11/19/2025 13:11,65536,0,0,0,36.13036212,-97.08742856,17.47,165,1,0,42,1215.453553,RSU1,1215.453553,280.8633423
11/19/2025 13:11,65536,0,0,0,36.13036335,-97.08731993,21.83,166,1,0,43,1225.210192,RSU1,1225.210192,280.543335
11/19/2025 13:11,65536,0,0,0,36.13036453,-97.08719821,24.45,167,1,0,44,1236.142392,RSU1,1236.142392,280.3165894
11/19/2025 13:11,65536,0,0,0,36.13036523,-97.08706685,26.39,168,1,0,45,1247.940039,RSU1,1247.940039,280.3965759
11/19/2025 13:11,65536,0,0,0,36.13036598,-97.08692683,28.13,169,1,0,46,1260.515457,RSU1,1260.515457,280.5626221
11/19/2025 13:11,65536,0,0,0,36.1303675,-97.08677623,30.26,170,1,0,47,1274.04154,RSU1,1274.04154,280.5426331
11/19/2025 13:11,65536,0,0,0,36.13037004,-97.08661607,32.18,171,1,0,48,1288.426866,RSU1,1288.426866,280.5219421
11/19/2025 13:11,65536,0,0,0,36.13037263,-97.0864488,33.61,172,1,0,49,1303.450791,RSU1,1303.450791,280.7111511
11/19/2025 13:11,65536,0,0,0,36.13037526,-97.08627552,34.82,173,1,0,50,1319.014517,RSU1,1319.014517,281.091156
11/19/2025 13:11,65536,0,0,0,36.13037689,-97.08609718,35.83,174,1,0,51,1335.03199,RSU1,1335.03199,281.2984009
11/19/2025 13:11,65536,0,0,0,36.13037758,-97.08591471,36.66,175,1,0,52,1351.419711,RSU1,1351.419711,281.5204773
11/19/2025 13:11,65536,0,0,0,36.13037847,-97.08573067,36.97,176,1,0,53,1367.94857,RSU1,1367.94857,281.5883789
11/19/2025 13:11,65536,0,0,0,36.1303796,-97.08555423,35.45,177,1,0,54,1383.795058,RSU1,1383.795058,281.8083801
11/19/2025 13:11,65536,0,0,0,36.13038191,-97.08539752,31.49,178,1,0,55,1397.870475,RSU1,1397.870475,282.0466309
11/19/2025 13:11,65536,0,0,0,36.13038378,-97.08527069,25.48,179,1,0,56,1409.262138,RSU1,1409.262138,282.2666321
11/19/2025 13:12,65536,0,0,0,36.13037485,-97.08518336,17.68,180,1,0,57,1417.098947,RSU1,1417.098947,282.283844
11/19/2025 13:12,65536,0,0,0,36.1303477,-97.08513148,12.42,181,1,0,58,1421.743971,RSU1,1421.743971,282.4838257
11/19/2025 13:12,65536,0,0,0,36.13030779,-97.08510149,11.61,182,1,0,59,1424.428095,RSU1,1424.428095,282.4038391
11/19/2025 13:12,65536,0,0,0,36.130264,-97.08508499,11.39,183,1,0,60,1425.915709,RSU1,1425.915709,282.283844
11/19/2025 13:12,65536,0,0,0,36.13022715,-97.08505601,10.86,184,1,0,61,1428.536079,RSU1,1428.536079,282.283844
11/19/2025 13:12,65536,0,0,0,36.13020898,-97.08501366,9.63,185,1,0,62,1432.352478,RSU1,1432.352478,282.2638245
11/19/2025 13:12,65536,0,0,0,36.13021282,-97.0849791,7.01,186,1,0,63,1435.453244,RSU1,1435.453244,282.3693848
11/19/2025 13:12,65536,0,0,0,36.13021752,-97.08496708,2.68,187,1,0,64,1436.529259,RSU1,1436.529259,282.569397
11/19/2025 13:12,65536,0,0,0,36.13021725,-97.08496707,0.07,188,1,0,65,1436.530351,RSU1,1436.530351,282.569397
11/19/2025 13:12,65536,0,0,0,36.13021649,-97.08497202,1.01,189,1,0,66,1436.086353,RSU1,1436.086353,282.569397
11/19/2025 13:12,65536,0,0,0,36.13021817,-97.08498282,2.21,190,1,0,67,1435.115216,RSU1,1435.115216,282.3693848
11/19/2025 13:12,65536,0,0,0,36.13021856,-97.08500063,3.58,191,1,0,68,1433.515458,RSU1,1433.515458,282.3693848
11/19/2025 13:12,65536,0,0,0,36.13021175,-97.08502023,4.29,192,1,0,69,1431.760273,RSU1,1431.760273,282.2638245
11/19/2025 13:12,65536,0,0,0,36.1302005,-97.08503408,3.95,193,1,0,70,1430.525668,RSU1,1430.525668,282.2638245
11/19/2025 13:12,65536,0,0,0,36.13019283,-97.08503812,2.07,194,1,0,71,1430.169769,RSU1,1430.169769,282.105835
11/19/2025 13:12,65536,0,0,0,36.13019167,-97.08503757,0.31,195,1,0,72,1430.220254,RSU1,1430.220254,282.105835
11/19/2025 13:12,65536,0,0,0,36.13019141,-97.08503669,0.19,196,1,0,73,1430.29953,RSU1,1430.29953,282.105835
11/19/2025 13:12,65536,0,0,0,36.1301971,-97.08503565,1.43,197,1,0,74,1430.387676,RSU1,1430.387676,282.1638184
11/19/2025 13:12,65536,0,0,0,36.13021621,-97.08503783,4.77,198,1,0,75,1430.176301,RSU1,1430.176301,282.1638184
11/19/2025 13:12,65536,0,0,0,36.13024875,-97.08503614,8.1,199,1,0,76,1430.308787,RSU1,1430.308787,282.283844
11/19/2025 13:12,65536,0,0,0,36.13028138,-97.08503915,8.14,200,1,0,77,1430.028309,RSU1,1430.028309,282.2438354
11/19/2025 13:12,65536,0,0,0,36.1303185,-97.08504356,9.28,201,1,0,78,1429.631891,RSU1,1429.631891,282.4638367
11/19/2025 13:12,65536,0,0,0,36.13035794,-97.08506553,10.76,202,1,0,79,1427.67147,RSU1,1427.67147,282.5638428
11/19/2025 13:12,65536,0,0,0,36.13039318,-97.08511873,13.82,203,1,0,80,1422.916462,RSU1,1422.916462,282.5438232
11/19/2025 13:12,65536,0,0,0,36.13040891,-97.08519543,15.9,204,1,0,81,1416.041981,RSU1,1416.041981,282.3638306
11/19/2025 13:12,65536,0,0,0,36.13041103,-97.08529298,19.61,205,1,0,82,1407.283401,RSU1,1407.283401,282.186615
11/19/2025 13:12,65536,0,0,0,36.13041128,-97.08539925,21.35,206,1,0,83,1397.739943,RSU1,1397.739943,282.0666199
11/19/2025 13:12,65536,0,0,0,36.13041039,-97.08551422,23.1,207,1,0,84,1387.414063,RSU1,1387.414063,281.8483887
11/19/2025 13:12,65536,0,0,0,36.13040878,-97.08564082,25.44,208,1,0,85,1376.043039,RSU1,1376.043039,281.708374
11/19/2025 13:12,65536,0,0,0,36.13040902,-97.0857752,27,209,1,0,86,1363.975123,RSU1,1363.975123,281.5804749
11/19/2025 13:12,65536,0,0,0,36.13040828,-97.08591767,28.62,210,1,0,87,1351.179722,RSU1,1351.179722,281.4804688
11/19/2025 13:12,65536,0,0,0,36.13040676,-97.08606575,29.75,211,1,0,88,1337.879744,RSU1,1337.879744,281.3183899
11/19/2025 13:12,65536,0,0,0,36.13040596,-97.08621607,30.2,212,1,0,89,1324.379306,RSU1,1324.379306,281.1784058
11/19/2025 13:12,65536,0,0,0,36.13040565,-97.08636477,29.87,213,1,0,90,1311.024838,RSU1,1311.024838,281.0111694
11/19/2025 13:12,65536,0,0,0,36.13040471,-97.08650912,29,214,1,0,91,1298.060405,RSU1,1298.060405,280.8819275
11/19/2025 13:12,65536,0,0,0,36.13040361,-97.08664618,27.54,215,1,0,92,1285.750501,RSU1,1285.750501,280.8019409
11/19/2025 13:12,65536,0,0,0,36.1304038,-97.08677203,25.28,216,1,0,93,1274.448603,RSU1,1274.448603,280.6026306
11/19/2025 13:12,65536,0,0,0,36.13040253,-97.08687918,21.53,217,1,0,94,1264.824626,RSU1,1264.824626,280.5426331
11/19/2025 13:12,65536,0,0,0,36.13040244,-97.08696188,16.62,218,1,0,95,1257.39758,RSU1,1257.39758,280.5426331
11/19/2025 13:12,65536,0,0,0,36.13040175,-97.0870189,11.46,219,1,0,96,1252.276155,RSU1,1252.276155,280.496582
11/19/2025 13:12,65536,0,0,0,36.13040138,-97.08704902,6.05,220,1,0,97,1249.57083,RSU1,1249.57083,280.4765625
11/19/2025 13:12,65536,0,0,0,36.1304015,-97.08705835,1.88,221,1,0,98,1248.733059,RSU1,1248.733059,280.4765625
11/19/2025 13:12,65536,0,0,0,36.13040189,-97.08705911,0.18,222,1,0,99,1248.665196,RSU1,1248.665196,280.4765625
11/19/2025 13:12,65536,0,0,0,36.13040134,-97.08705857,0.17,223,1,0,100,1248.713142,RSU1,1248.713142,280.4765625
11/19/2025 13:12,65536,0,0,0,36.13040091,-97.08705786,0.18,224,1,0,101,1248.776478,RSU1,1248.776478,280.4765625
11/19/2025 13:12,65536,0,0,0,36.1304006,-97.08705797,0.08,225,1,0,102,1248.766292,RSU1,1248.766292,280.4765625
11/19/2025 13:12,65536,0,0,0,36.13040058,-97.08705797,0,226,1,0,103,1248.766272,RSU1,1248.766272,280.4765625
11/19/2025 13:12,65536,0,0,0,36.13040057,-97.08705797,0,227,1,0,104,1248.766262,RSU1,1248.766262,280.4765625
11/19/2025 13:12,65536,0,0,0,36.13040056,-97.08705797,0,228,1,0,105,1248.766253,RSU1,1248.766253,280.4765625
11/19/2025 13:12,65536,0,0,0,36.13040055,-97.08705797,0,229,1,0,106,1248.766243,RSU1,1248.766243,280.4765625
11/19/2025 13:12,65536,0,0,0,36.13040055,-97.08705794,0.01,230,1,0,107,1248.768937,RSU1,1248.768937,280.4765625
11/19/2025 13:12,65536,0,0,0,36.13040029,-97.08705823,0.09,231,1,0,108,1248.742637,RSU1,1248.742637,280.4765625
11/19/2025 13:12,65536,0,0,0,36.13040065,-97.08707631,3.63,232,1,0,109,1247.119299,RSU1,1247.119299,280.4365845
11/19/2025 13:12,65536,0,0,0,36.13040122,-97.08711921,8.62,233,1,0,110,1243.267188,RSU1,1243.267188,280.516571
11/19/2025 13:12,65536,0,0,0,36.13040356,-97.08718303,12.83,234,1,0,111,1237.538146,RSU1,1237.538146,280.4365845
11/19/2025 13:12,65536,0,0,0,36.13040402,-97.08726554,16.58,235,1,0,112,1230.128751,RSU1,1230.128751,280.563324
11/19/2025 13:12,65536,0,0,0,36.13040237,-97.08736714,20.42,236,1,0,113,1221.002785,RSU1,1221.002785,280.7633362
11/19/2025 13:12,65536,0,0,0,36.13040184,-97.08748592,23.86,237,1,0,114,1210.335112,RSU1,1210.335112,281.0229492
11/19/2025 13:12,65536,0,0,0,36.13040053,-97.08762028,27,238,1,0,115,1198.267463,RSU1,1198.267463,281.322937
11/19/2025 13:12,65536,0,0,0,36.13040328,-97.08776628,29.34,239,1,0,116,1185.158732,RSU1,1185.158732,281.8048706
11/19/2025 13:13,65536,0,0,0,36.1304025,-97.08792299,31.48,240,1,0,117,1171.084488,RSU1,1171.084488,282.1448669
11/19/2025 13:13,65536,0,0,0,36.13040444,-97.0880858,32.71,241,1,0,118,1156.465411,RSU1,1156.465411,282.4486694
11/19/2025 13:13,65536,0,0,0,36.13040538,-97.08825624,34.24,242,1,0,119,1141.160097,RSU1,1141.160097,282.9429016
11/19/2025 13:13,65536,0,0,0,36.13040538,-97.08843226,35.36,243,1,0,120,1125.352646,RSU1,1125.352646,283.4228821
11/19/2025 13:13,65536,0,0,0,36.1304037,-97.08861374,36.46,244,1,0,121,1109.05294,RSU1,1109.05294,284.2353516
11/19/2025 13:13,65536,0,0,0,36.13040212,-97.08879999,37.42,245,1,0,122,1092.32498,RSU1,1092.32498,284.7407532
11/19/2025 13:13,65536,0,0,0,36.13040045,-97.08899121,38.42,246,1,0,123,1075.150586,RSU1,1075.150586,285.609314
11/19/2025 13:13,65536,0,0,0,36.13039952,-97.08918549,39.03,247,1,0,124,1057.702242,RSU1,1057.702242,286.2293091
11/19/2025 13:13,65536,0,0,0,36.13039821,-97.0893839,39.86,248,1,0,125,1039.882569,RSU1,1039.882569,286.8399658
11/19/2025 13:13,65536,0,0,0,36.13039641,-97.08958602,40.61,249,1,0,126,1021.729151,RSU1,1021.729151,287.7782288
11/19/2025 13:13,65536,0,0,0,36.13039618,-97.08979142,41.26,250,1,0,127,1003.283009,RSU1,1003.283009,288.4885254
11/19/2025 13:13,65536,0,0,0,36.1303948,-97.08999936,41.78,251,1,0,128,984.6074233,RSU1,984.6074233,289.6058655
11/19/2025 13:13,65536,0,0,0,36.13039374,-97.0902081,41.94,252,1,0,129,965.860377,RSU1,965.860377,290.7331543
11/19/2025 13:13,65536,0,0,0,36.13039224,-97.09041836,42.24,253,1,0,130,946.9763068,RSU1,946.9763068,291.913147
11/19/2025 13:13,65536,0,0,0,36.13039056,-97.09063013,42.54,254,1,0,131,927.9564168,RSU1,927.9564168,292.9082031
11/19/2025 13:13,65536,0,0,0,36.13038951,-97.09084414,43,255,1,0,132,908.7361259,RSU1,908.7361259,293.5000916
11/19/2025 13:13,65536,0,0,0,36.13038865,-97.09106367,44.1,256,1,0,133,889.0203584,RSU1,889.0203584,294.163208
11/19/2025 13:13,65536,0,0,0,36.1303879,-97.09129192,45.86,257,1,0,134,868.5216538,RSU1,868.5216538,294.6399231
11/19/2025 13:13,65536,0,0,0,36.13038755,-97.09152369,46.56,258,1,0,135,847.707372,RSU1,847.707372,295.2090759
11/19/2025 13:13,65536,0,0,0,36.13038852,-97.09175805,47.08,259,1,0,136,826.6622741,RSU1,826.6622741,295.4616089
11/19/2025 13:13,65536,0,0,0,36.13038973,-97.09199656,47.92,260,1,0,137,805.2449793,RSU1,805.2449793,295.5307922
11/19/2025 13:13,65536,0,0,0,36.13038939,-97.09224132,49.17,261,1,0,138,783.2644216,RSU1,783.2644216,295.5879517
11/19/2025 13:13,65536,0,0,0,36.13038967,-97.09248877,49.71,262,1,0,139,761.0432676,RSU1,761.0432676,295.6835022
11/19/2025 13:13,65536,0,0,0,36.13039012,-97.09273866,50.2,263,1,0,140,738.6033902,RSU1,738.6033902,295.6932373
11/19/2025 13:13,65536,0,0,0,36.1303906,-97.09299325,51.15,264,1,0,141,715.7416664,RSU1,715.7416664,295.5166931
11/19/2025 13:13,65536,0,0,0,36.13038957,-97.09325218,52.02,265,1,0,142,692.4879788,RSU1,692.4879788,295.1878967
11/19/2025 13:13,65536,0,0,0,36.13038846,-97.09351616,53.03,266,1,0,143,668.7807406,RSU1,668.7807406,294.8489075
11/19/2025 13:13,65536,0,0,0,36.13038862,-97.09378102,53.21,267,1,0,144,644.9966913,RSU1,644.9966913,294.3557739
11/19/2025 13:13,65536,0,0,0,36.13038994,-97.09404697,53.43,268,1,0,145,621.1170463,RSU1,621.1170463,293.7350464
11/19/2025 13:13,65536,0,0,0,36.13038985,-97.09431338,53.52,269,1,0,146,597.1939123,RSU1,597.1939123,293.0259705
11/19/2025 13:13,65536,0,0,0,36.13038845,-97.09458083,53.73,270,1,0,147,573.1751326,RSU1,573.1751326,292.3719482
11/19/2025 13:13,65536,0,0,0,36.13038669,-97.09485027,54.13,271,1,0,148,548.9770709,RSU1,548.9770709,291.8545227
11/19/2025 13:13,65536,0,0,0,36.13038399,-97.09512195,54.58,272,1,0,149,524.5760954,RSU1,524.5760954,291.2669983
11/19/2025 13:13,65536,0,0,0,36.1303831,-97.09539413,54.68,273,1,0,150,500.1339282,RSU1,500.1339282,290.7566834
11/19/2025 13:13,69632,4096,10.45,1,36.1303831,-97.0956645,54.32,274,1,1,0,475.8564441,RSU1,475.8564441,290.1820374
11/19/2025 13:13,69632,0,10.45,1,36.13038279,-97.09593398,54.14,275,1,0,1,451.6586394,RSU1,451.6586394,289.6404724
11/19/2025 13:13,69632,0,10.45,1,36.13038114,-97.09620258,53.96,276,1,0,2,427.5371496,RSU1,427.5371496,288.9980774
11/19/2025 13:13,73728,4096,20.9,1,36.13037919,-97.09651703,63.18,277,1,1,0,399.2983972,RSU1,399.2983972,287.2901611
11/19/2025 13:13,73728,0,10.45,1,36.13037695,-97.096792,55.24,278,1,0,1,374.6040666,RSU1,374.6040666,285.2815247
11/19/2025 13:13,73728,0,10.45,1,36.13037291,-97.09707152,56.16,279,1,0,2,349.4967866,RSU1,349.4967866,283.4191895
11/19/2025 13:13,73728,0,10.45,1,36.13036961,-97.09735443,56.84,280,1,0,3,324.0871397,RSU1,324.0871397,281.7502136
11/19/2025 13:13,77824,4096,10.45,1,36.13036844,-97.09764103,57.58,281,1,1,0,298.3523173,RSU1,298.3523173,280.153717
11/19/2025 13:13,77824,0,10.45,1,36.1303677,-97.09793171,58.4,282,1,0,1,272.2534623,RSU1,272.2534623,279.1366272
11/19/2025 13:13,77824,0,10.45,1,36.13036715,-97.0982253,58.98,283,1,0,2,245.8955374,RSU1,245.8955374,278.3474731
11/19/2025 13:13,77824,0,10.45,1,36.13036583,-97.09851898,59,284,1,0,3,219.5289134,RSU1,219.5289134,277.8850708
11/19/2025 13:13,81920,4096,10.45,1,36.13036663,-97.0988124,58.95,285,1,1,0,193.196999,RSU1,193.196999,277.4409485
11/19/2025 13:13,81920,0,10.45,1,36.13036757,-97.09910544,58.87,286,1,0,1,166.9062533,RSU1,166.9062533,277.064209
11/19/2025 13:13,81920,0,10.45,1,36.13036742,-97.09939784,58.74,287,1,0,2,140.6766017,RSU1,140.6766017,276.412384
11/19/2025 13:13,86016,4096,20.9,1,36.13036568,-97.09968997,58.69,288,1,1,0,114.4738133,RSU1,114.4738133,275.5858459
11/19/2025 13:13,86016,0,10.45,1,36.1303643,-97.09998417,59.1,289,1,0,1,88.10917346,RSU1,88.10917346,274.6874084
11/19/2025 13:13,86016,0,10.45,1,36.13036313,-97.10028203,59.84,290,1,0,2,61.47002251,RSU1,61.47002251,273.7455139
11/19/2025 13:13,90112,4096,20.9,1,36.13035971,-97.1005852,60.91,291,1,1,0,34.4854664,RSU1,34.4854664,272.3154602
11/19/2025 13:13,90112,0,10.45,1,36.13035477,-97.10089235,61.72,292,1,0,1,8.730290055,RSU1,8.730290055,271.2288208
11/19/2025 13:13,90112,0,10.45,1,36.13035243,-97.10120211,62.23,293,1,0,2,22.33837958,RSU1,22.33837958,270.6488953
11/19/2025 13:13,94208,4096,20.9,1,36.13035222,-97.10151258,62.37,294,1,1,0,49.78718368,RSU1,49.78718368,270.5216064
11/19/2025 13:13,94208,0,10.45,1,36.1303522,-97.10182387,62.54,295,1,0,1,77.62159803,RSU1,77.62159803,270.3652039
11/19/2025 13:13,94208,0,10.45,1,36.13035019,-97.10213474,62.46,296,1,0,2,105.471169,RSU1,105.471169,270.0675964
11/19/2025 13:13,98304,4096,20.9,1,36.13034841,-97.10244685,62.7,297,1,1,0,133.4625156,RSU1,133.4625156,269.8150635
11/19/2025 13:13,98304,0,10.45,1,36.13034781,-97.10275682,62.27,298,1,0,1,161.2798686,RSU1,161.2798686,269.665802
11/19/2025 13:13,98304,0,10.45,1,36.13034599,-97.10306583,62.08,299,1,0,2,189.0135118,RSU1,189.0135118,269.6251831
11/19/2025 13:14,102400,4096,20.9,1,36.13034442,-97.10337297,61.71,300,1,1,0,216.5847987,RSU1,216.5847987,269.7817078
11/19/2025 13:14,102400,0,10.45,1,36.1303426,-97.10367716,61.11,301,1,0,1,243.8936877,RSU1,243.8936877,269.8638306
11/19/2025 13:14,102400,0,10.45,1,36.13034178,-97.10398105,61.05,302,1,0,2,271.1797491,RSU1,271.1797491,269.9484253
11/19/2025 13:14,106496,4096,20.9,1,36.13034105,-97.10428655,61.38,303,1,1,0,298.6117031,RSU1,298.6117031,270.0458069
11/19/2025 13:14,106496,0,10.45,1,36.13034083,-97.10459175,61.31,304,1,0,1,326.018347,RSU1,326.018347,270.0655212
11/19/2025 13:14,106496,0,10.45,1,36.1303385,-97.10489707,61.34,305,1,0,2,353.4333619,RSU1,353.4333619,270.3232422
11/19/2025 13:14,110592,4096,20.9,1,36.13033758,-97.10520268,61.4,306,1,1,0,380.8771003,RSU1,380.8771003,270.4069214
11/19/2025 13:14,110592,0,10.45,1,36.13033675,-97.10550853,61.44,307,1,0,1,408.3429216,RSU1,408.3429216,270.5077209
11/19/2025 13:14,110592,0,10.45,1,36.13033537,-97.105815,61.57,308,1,0,2,435.8641999,RSU1,435.8641999,270.7480164
11/19/2025 13:14,114688,4096,20.9,1,36.13033472,-97.10612053,61.38,309,1,1,0,463.3020994,RSU1,463.3020994,271.3684692
11/19/2025 13:14,114688,0,10.45,1,36.13033588,-97.10642513,61.19,310,1,0,1,490.6582643,RSU1,490.6582643,272.0959473
11/19/2025 13:14,118784,4096,20.9,1,36.13033704,-97.10672777,60.8,311,1,1,0,517.8384253,RSU1,517.8384253,272.8912964
11/19/2025 13:14,118784,0,20.9,1,36.13033812,-97.1070292,60.56,312,1,0,1,544.9098651,RSU1,544.9098651,273.9599915
11/19/2025 13:14,118784,0,10.45,1,36.13033768,-97.10732939,60.31,313,1,0,2,571.8687011,RSU1,571.8687011,275.2721558
11/19/2025 13:14,122880,4096,20.9,1,36.13033832,-97.10762897,60.19,314,1,1,0,598.7736996,RSU1,598.7736996,276.6443176
11/19/2025 13:14,122880,0,10.45,1,36.13033825,-97.10792632,59.74,315,1,0,1,625.4779122,RSU1,625.4779122,278.1442566
11/19/2025 13:14,122880,0,10.45,1,36.13033768,-97.10822214,59.43,316,1,0,2,652.0444188,RSU1,652.0444188,279.500061
11/19/2025 13:14,122880,0,10.45,1,36.13033993,-97.10851677,59.19,317,1,0,3,678.5061055,RSU1,678.5061055,280.3179016
11/19/2025 13:14,126976,4096,10.45,1,36.13034185,-97.10880928,58.77,318,1,1,0,704.7771662,RSU1,704.7771662,280.6800232
11/19/2025 13:14,126976,0,10.45,1,36.13034263,-97.10910097,58.6,319,1,0,1,730.9737584,RSU1,730.9737584,280.8745117
11/19/2025 13:14,126976,0,10.45,1,36.13034178,-97.10939174,58.41,320,1,0,2,757.0866106,RSU1,757.0866106,280.8577881
11/19/2025 13:14,126976,0,10.45,1,36.13034074,-97.10968425,58.77,321,1,0,3,783.3556936,RSU1,783.3556936,281.0285034
11/19/2025 13:14,126976,0,0,0,36.13033938,-97.10997837,59.09,322,1,0,4,809.7692683,RSU1,809.7692683,281.0419312
11/19/2025 13:14,126976,0,0,0,36.13033834,-97.11027292,59.18,323,1,0,5,836.2217471,RSU1,836.2217471,281.1792603
11/19/2025 13:14,126976,0,0,0,36.13033641,-97.11056784,59.25,324,1,0,6,862.7070652,RSU1,862.7070652,281.3587646
11/19/2025 13:14,126976,0,0,0,36.13033484,-97.11086237,59.17,325,1,0,7,889.1576633,RSU1,889.1576633,281.6077881
11/19/2025 13:14,126976,0,0,0,36.13033401,-97.11120434,68.7,326,1,0,8,919.8692242,RSU1,919.8692242,282.1169128
11/19/2025 13:14,126976,0,0,0,36.13033295,-97.11149484,58.36,327,1,0,9,945.9582693,RSU1,945.9582693,282.6561584
11/19/2025 13:14,126976,0,0,0,36.13033324,-97.11178438,58.17,328,1,0,10,971.9616995,RSU1,971.9616995,283.0976868
11/19/2025 13:14,126976,0,0,0,36.13033456,-97.11207342,58.07,329,1,0,11,997.9206576,RSU1,997.9206576,283.515686
11/19/2025 13:14,126976,0,0,0,36.13033597,-97.11236286,58.15,330,1,0,12,1023.91558,RSU1,1023.91558,283.9006042
11/19/2025 13:14,126976,0,0,0,36.13033771,-97.11265175,58.04,331,1,0,13,1049.861253,RSU1,1049.861253,284.1681519
11/19/2025 13:14,126976,0,0,0,36.13033802,-97.11293944,57.8,332,1,0,14,1075.698535,RSU1,1075.698535,284.5766907
11/19/2025 13:14,126976,0,0,0,36.13033752,-97.11322499,57.37,333,1,0,15,1101.343292,RSU1,1101.343292,284.8949585
11/19/2025 13:14,126976,0,0,0,36.13033803,-97.11350519,56.29,334,1,0,16,1126.507999,RSU1,1126.507999,285.1276245
11/19/2025 13:14,126976,0,0,0,36.13033913,-97.11377784,54.77,335,1,0,17,1150.994892,RSU1,1150.994892,285.460083
11/19/2025 13:14,126976,0,0,0,36.13034141,-97.11404215,53.1,336,1,0,18,1174.733275,RSU1,1174.733275,285.8200378
11/19/2025 13:14,126976,0,0,0,36.13034137,-97.1142998,51.76,337,1,0,19,1197.872551,RSU1,1197.872551,286.1878357
11/19/2025 13:14,126976,0,0,0,36.13034026,-97.1145495,50.16,338,1,0,20,1220.297419,RSU1,1220.297419,286.5872498
11/19/2025 13:14,126976,0,0,0,36.13033983,-97.11479154,48.63,339,1,0,21,1242.034645,RSU1,1242.034645,286.5704956
11/19/2025 13:14,126976,0,0,0,36.13033895,-97.11502887,47.68,340,1,0,22,1263.348714,RSU1,1263.348714,286.1070557
11/19/2025 13:14,126976,0,0,0,36.13033675,-97.11526621,47.68,341,1,0,23,1284.66324,RSU1,1284.66324,285.4298401
11/19/2025 13:14,126976,0,0,0,36.13033368,-97.11550193,47.36,342,1,0,24,1305.832078,RSU1,1305.832078,284.8792419
11/19/2025 13:14,126976,0,0,0,36.13033165,-97.11573982,47.8,343,1,0,25,1327.19622,RSU1,1327.19622,284.2528381
11/19/2025 13:14,126976,0,0,0,36.13032991,-97.11597881,48.01,344,1,0,26,1348.659289,RSU1,1348.659289,283.6159363
11/19/2025 13:14,126976,0,0,0,36.13033078,-97.11622019,48.49,345,1,0,27,1370.33772,RSU1,1370.33772,282.8562317
11/19/2025 13:14,126976,0,0,0,36.13033333,-97.11646308,48.8,346,1,0,28,1392.152234,RSU1,1392.152234,282.0102844
11/19/2025 13:14,126976,0,0,0,36.1303334,-97.11671028,49.66,347,1,0,29,1414.353134,RSU1,1414.353134,281.1426392
11/19/2025 13:14,126976,0,0,0,36.13033309,-97.1169631,50.79,348,1,0,30,1437.058658,RSU1,1437.058658,280.2706909
11/19/2025 13:14,126976,0,0,0,36.13033179,-97.11722037,51.69,349,1,0,31,1460.163579,RSU1,1460.163579,279.3067017
11/19/2025 13:14,126976,0,0,0,36.13032997,-97.1174824,52.64,350,1,0,32,1483.695896,RSU1,1483.695896,278.525116
11/19/2025 13:14,126976,0,0,0,36.13032867,-97.11774832,53.42,351,1,0,33,1507.577731,RSU1,1507.577731,277.8070068
11/19/2025 13:14,126976,0,0,0,36.13032869,-97.11801514,53.6,352,1,0,34,1531.540707,RSU1,1531.540707,276.9701843
11/19/2025 13:14,126976,0,0,0,36.13032904,-97.11828114,53.44,353,1,0,35,1555.430113,RSU1,1555.430113,276.2157593
11/19/2025 13:14,126976,0,0,0,36.13033029,-97.11854468,52.95,354,1,0,36,1579.098789,RSU1,1579.098789,275.4326477
11/19/2025 13:14,126976,0,0,0,36.13033186,-97.11880707,52.72,355,1,0,37,1602.664263,RSU1,1602.664263,274.6454468
11/19/2025 13:14,126976,0,0,0,36.13033361,-97.11906757,52.34,356,1,0,38,1626.06005,RSU1,1626.06005,274.0747986
11/19/2025 13:14,126976,0,0,0,36.13033614,-97.11932621,51.96,357,1,0,39,1649.289005,RSU1,1649.289005,273.3631592
11/19/2025 13:14,126976,0,0,0,36.13033845,-97.11958352,51.7,358,1,0,40,1672.398482,RSU1,1672.398482,272.8157959
11/19/2025 13:14,126976,0,0,0,36.13033828,-97.1198363,50.78,359,1,0,41,1695.100458,RSU1,1695.100458,272.5991516
11/19/2025 13:15,126976,0,0,0,36.13033314,-97.12007816,48.61,360,1,0,42,1716.820497,RSU1,1716.820497,272.6632385
11/19/2025 13:15,126976,0,0,0,36.13032614,-97.12030917,46.44,361,1,0,43,1737.565989,RSU1,1737.565989,272.8432312
11/19/2025 13:15,126976,0,0,0,36.13032283,-97.12051765,41.89,362,1,0,44,1756.288956,RSU1,1756.288956,273.3472595
11/19/2025 13:15,126976,0,0,0,36.13032152,-97.12069406,35.44,363,1,0,45,1772.132081,RSU1,1772.132081,273.8420715
11/19/2025 13:15,126976,0,0,0,36.13031204,-97.12082824,27.06,364,1,0,46,1784.181742,RSU1,1784.181742,274.2486572
11/19/2025 13:15,126976,0,0,0,36.1302784,-97.12091281,18.94,365,1,0,47,1791.77844,RSU1,1791.77844,274.2086487
11/19/2025 13:15,126976,0,0,0,36.1302317,-97.12095097,13.92,366,1,0,48,1795.220568,RSU1,1795.220568,274.2086487
11/19/2025 13:15,126976,0,0,0,36.13017807,-97.12095941,13.45,367,1,0,49,1796.014287,RSU1,1796.014287,274.3486023
11/19/2025 13:15,126976,0,0,0,36.13012048,-97.12096131,14.33,368,1,0,50,1796.24533,RSU1,1796.24533,273.8486023
11/19/2025 13:15,126976,0,0,0,36.13005633,-97.12096214,15.96,369,1,0,51,1796.41403,RSU1,1796.41403,273.7686157
11/19/2025 13:15,126976,0,0,0,36.12999337,-97.12097145,15.77,370,1,0,52,1797.369959,RSU1,1797.369959,273.8286133
11/19/2025 13:15,126976,0,0,0,36.12993901,-97.12099562,14.37,371,1,0,53,1799.66557,RSU1,1799.66557,273.8323364
11/19/2025 13:15,126976,0,0,0,36.12989137,-97.12101948,12.78,372,1,0,54,1801.934244,RSU1,1801.934244,273.7723389
11/19/2025 13:15,126976,0,0,0,36.1298523,-97.12102161,9.73,373,1,0,55,1802.240696,RSU1,1802.240696,273.6323547
11/19/2025 13:15,126976,0,0,0,36.12982574,-97.12099522,8.47,374,1,0,56,1799.955927,RSU1,1799.955927,273.6323547
11/19/2025 13:15,126976,0,0,0,36.12981711,-97.1209604,7.32,375,1,0,57,1796.858606,RSU1,1796.858606,273.2923279
11/19/2025 13:15,126976,0,0,0,36.1298197,-97.12094116,3.92,376,1,0,58,1795.122814,RSU1,1795.122814,273.2923279
11/19/2025 13:15,126976,0,0,0,36.12981985,-97.1209402,0.2,377,1,0,59,1795.036136,RSU1,1795.036136,273.2923279
11/19/2025 13:15,126976,0,0,0,36.12981961,-97.12093984,0.09,378,1,0,60,1795.004616,RSU1,1795.004616,273.2923279
11/19/2025 13:15,126976,0,0,0,36.1298206,-97.12094324,0.73,379,1,0,61,1795.306551,RSU1,1795.306551,273.2923279
11/19/2025 13:15,126976,0,0,0,36.12982722,-97.12095665,3.16,380,1,0,62,1796.488605,RSU1,1796.488605,273.372345
11/19/2025 13:15,126976,0,0,0,36.12982921,-97.12096929,2.59,381,1,0,63,1797.616837,RSU1,1797.616837,273.5123291
11/19/2025 13:15,126976,0,0,0,36.1298306,-97.12097459,1.12,382,1,0,64,1798.088119,RSU1,1798.088119,273.5123291
11/19/2025 13:15,126976,0,0,0,36.12983205,-97.12097758,0.7,383,1,0,65,1798.351849,RSU1,1798.351849,273.5123291
11/19/2025 13:15,126976,0,0,0,36.12983258,-97.12097718,0.15,384,1,0,66,1798.31423,RSU1,1798.31423,273.5123291
11/19/2025 13:15,126976,0,0,0,36.12984228,-97.12096663,3.21,385,1,0,67,1797.336153,RSU1,1797.336153,273.5123291
11/19/2025 13:15,126976,0,0,0,36.12986453,-97.12095209,6.26,386,1,0,68,1795.962178,RSU1,1795.962178,273.4723511
11/19/2025 13:15,126976,0,0,0,36.12990074,-97.12094033,9.31,387,1,0,69,1794.801874,RSU1,1794.801874,273.4723511
11/19/2025 13:15,126976,0,0,0,36.12995367,-97.12093214,13.27,388,1,0,70,1793.929957,RSU1,1793.929957,273.4286194
11/19/2025 13:15,126976,0,0,0,36.13000629,-97.12093416,13.1,389,1,0,71,1793.994676,RSU1,1793.994676,273.6286011
11/19/2025 13:15,126976,0,0,0,36.13006556,-97.12093761,14.76,390,1,0,72,1794.195934,RSU1,1794.195934,273.7486267
11/19/2025 13:15,126976,0,0,0,36.13012662,-97.12093856,15.19,391,1,0,73,1794.194747,RSU1,1794.194747,274.1886292
11/19/2025 13:15,126976,0,0,0,36.13018015,-97.12093717,13.32,392,1,0,74,1794.015217,RSU1,1794.015217,274.3486023
11/19/2025 13:15,126976,0,0,0,36.13021759,-97.12093292,9.35,393,1,0,75,1793.607008,RSU1,1793.607008,274.3886719
11/19/2025 13:15,126976,0,0,0,36.13024269,-97.12092715,6.35,394,1,0,76,1793.076434,RSU1,1793.076434,274.0886536
11/19/2025 13:15,126976,0,0,0,36.13026482,-97.12091225,6.27,395,1,0,77,1791.730962,RSU1,1791.730962,274.2086487
11/19/2025 13:15,126976,0,0,0,36.13028616,-97.12087828,8.65,396,1,0,78,1788.676274,RSU1,1788.676274,274.4486694
11/19/2025 13:15,126976,0,0,0,36.13029506,-97.12081885,12.14,397,1,0,79,1783.338204,RSU1,1783.338204,274.2486572
11/19/2025 13:15,126976,0,0,0,36.13029789,-97.12073105,17.65,398,1,0,80,1775.452809,RSU1,1775.452809,273.9420471
11/19/2025 13:15,126976,0,0,0,36.13030019,-97.12061555,23.21,399,1,0,81,1765.079746,RSU1,1765.079746,273.5020447
11/19/2025 13:15,126976,0,0,0,36.13030088,-97.12047913,27.41,400,1,0,82,1752.827899,RSU1,1752.827899,273.1872559
11/19/2025 13:15,126976,0,0,0,36.13030175,-97.12032383,31.2,401,1,0,83,1738.880449,RSU1,1738.880449,272.8472595
11/19/2025 13:15,126976,0,0,0,36.13030229,-97.12015496,33.93,402,1,0,84,1723.714285,RSU1,1723.714285,272.6832275
11/19/2025 13:15,126976,0,0,0,36.13030336,-97.11997095,36.97,403,1,0,85,1707.188409,RSU1,1707.188409,272.6191711
11/19/2025 13:15,126976,0,0,0,36.13030644,-97.11977153,40.07,404,1,0,86,1689.278634,RSU1,1689.278634,272.6358032
11/19/2025 13:15,126976,0,0,0,36.13030818,-97.11956132,42.23,405,1,0,87,1670.399812,RSU1,1670.399812,272.9031677
11/19/2025 13:15,126976,0,0,0,36.13030967,-97.11934216,44.03,406,1,0,88,1650.717202,RSU1,1650.717202,273.3631592
11/19/2025 13:15,126976,0,0,0,36.13031074,-97.11911531,45.57,407,1,0,89,1630.343946,RSU1,1630.343946,273.9198303
11/19/2025 13:15,126976,0,0,0,36.13031083,-97.11887958,47.36,408,1,0,90,1609.173115,RSU1,1609.173115,274.514801
11/19/2025 13:15,126976,0,0,0,36.1303112,-97.11864197,47.74,409,1,0,91,1587.833464,RSU1,1587.833464,275.1854553
11/19/2025 13:15,126976,0,0,0,36.13031236,-97.1183995,48.71,410,1,0,92,1566.057407,RSU1,1566.057407,275.9126587
11/19/2025 13:15,126976,0,0,0,36.13031268,-97.11815336,49.45,411,1,0,93,1543.951682,RSU1,1543.951682,276.6357727
11/19/2025 13:15,126976,0,0,0,36.13031189,-97.11790496,49.9,412,1,0,94,1521.642889,RSU1,1521.642889,277.3701782
11/19/2025 13:15,126976,0,0,0,36.13031064,-97.11765375,50.47,413,1,0,95,1499.081696,RSU1,1499.081696,278.0669861
11/19/2025 13:15,126976,0,0,0,36.13030832,-97.11739993,50.99,414,1,0,96,1476.286041,RSU1,1476.286041,278.7651062
11/19/2025 13:15,126976,0,0,0,36.13030636,-97.11714472,51.27,415,1,0,97,1453.365605,RSU1,1453.365605,279.5267029
11/19/2025 13:15,126976,0,0,0,36.1303068,-97.11688899,51.37,416,1,0,98,1430.398591,RSU1,1430.398591,280.5507202
11/19/2025 13:15,126976,0,0,0,36.13030857,-97.11663132,51.77,417,1,0,99,1407.257429,RSU1,1407.257429,281.4226379
11/19/2025 13:15,126976,0,0,0,36.1303102,-97.11637331,51.84,418,1,0,100,1384.085753,RSU1,1384.085753,282.2302856
11/19/2025 13:15,126976,0,0,0,36.13031172,-97.11611351,52.19,419,1,0,101,1360.753337,RSU1,1360.753337,283.2359314
11/19/2025 13:16,126976,0,0,0,36.13031385,-97.11585275,52.39,420,1,0,102,1337.334801,RSU1,1337.334801,283.9528198
11/19/2025 13:16,126976,0,0,0,36.13031602,-97.11559046,52.69,421,1,0,103,1313.778916,RSU1,1313.778916,284.6192322
11/19/2025 13:16,126976,0,0,0,36.13031832,-97.11532536,53.26,422,1,0,104,1289.970744,RSU1,1289.970744,285.2498474
11/19/2025 13:16,126976,0,0,0,36.13032024,-97.11506085,53.14,423,1,0,105,1266.215555,RSU1,1266.215555,286.0270691
11/19/2025 13:16,126976,0,0,0,36.13032093,-97.11479663,53.08,424,1,0,106,1242.486209,RSU1,1242.486209,286.510498
11/19/2025 13:16,126976,0,0,0,36.13032153,-97.11453076,53.41,425,1,0,107,1218.60867,RSU1,1218.60867,286.5272217
11/19/2025 13:16,126976,0,0,0,36.13032085,-97.11425977,54.44,426,1,0,108,1194.271043,RSU1,1194.271043,286.1078186
11/19/2025 13:16,126976,0,0,0,36.13031956,-97.11398207,55.79,427,1,0,109,1169.33067,RSU1,1169.33067,285.7400513
11/19/2025 13:16,126976,0,0,0,36.13031919,-97.11370118,56.43,428,1,0,110,1144.103992,RSU1,1144.103992,285.3200684
11/19/2025 13:16,126976,0,0,0,36.13031946,-97.11341517,57.46,429,1,0,111,1118.417619,RSU1,1118.417619,285.0276489
11/19/2025 13:16,126976,0,0,0,36.13031991,-97.11312924,57.44,430,1,0,112,1092.738477,RSU1,1092.738477,284.8166809
11/19/2025 13:16,126976,0,0,0,36.13031899,-97.11284255,57.6,431,1,0,113,1066.990785,RSU1,1066.990785,284.4125671
11/19/2025 13:16,126976,0,0,0,36.13031779,-97.11254979,58.82,432,1,0,114,1040.697895,RSU1,1040.697895,284.0681763
11/19/2025 13:16,126976,0,0,0,36.13031648,-97.11225666,58.89,433,1,0,115,1014.371759,RSU1,1014.371759,283.7406006
11/19/2025 13:16,126976,0,0,0,36.13031699,-97.11195757,60.09,434,1,0,116,987.5107226,RSU1,987.5107226,283.3956604
11/19/2025 13:16,126976,0,0,0,36.13031667,-97.11165703,60.38,435,1,0,117,960.5192968,RSU1,960.5192968,282.8761292
11/19/2025 13:16,126976,0,0,0,36.13031664,-97.11135326,61.03,436,1,0,118,933.2378481,RSU1,933.2378481,282.3768921
11/19/2025 13:16,126976,0,0,0,36.13031591,-97.11104919,61.09,437,1,0,119,905.9293079,RSU1,905.9293079,281.8626099
11/19/2025 13:16,126976,0,0,0,36.13031636,-97.11074759,60.59,438,1,0,120,878.8428531,RSU1,878.8428531,281.467804
11/19/2025 13:16,126976,0,0,0,36.1303175,-97.11044494,60.8,439,1,0,121,851.6622794,RSU1,851.6622794,281.2787476
11/19/2025 13:16,126976,0,0,0,36.13032015,-97.11014306,60.65,440,1,0,122,824.5513325,RSU1,824.5513325,281.1419067
11/19/2025 13:16,126976,0,0,0,36.13032145,-97.10984069,60.74,441,1,0,123,797.3960884,RSU1,797.3960884,280.9825134
11/19/2025 13:16,126976,0,0,0,36.13032322,-97.10953835,60.74,442,1,0,124,770.2437742,RSU1,770.2437742,280.9884949
11/19/2025 13:16,126976,0,0,0,36.13032444,-97.10923573,60.8,443,1,0,125,743.0661981,RSU1,743.0661981,280.9577942
11/19/2025 13:16,126976,0,0,0,36.13032473,-97.10893268,60.88,444,1,0,126,715.8496786,RSU1,715.8496786,280.8400269
11/19/2025 13:16,131072,4096,10.45,1,36.13032543,-97.10862819,61.17,445,1,1,0,688.5040444,RSU1,688.5040444,280.5179138
11/19/2025 13:16,131072,0,10.45,1,36.13032624,-97.10832191,61.53,446,1,0,1,660.9977586,RSU1,660.9977586,279.9000854
11/19/2025 13:16,131072,0,10.45,1,36.13032701,-97.10801476,61.71,447,1,0,2,633.4133864,RSU1,633.4133864,278.5697632
11/19/2025 13:16,135168,4096,20.9,1,36.13032496,-97.10765149,72.98,448,1,1,0,600.7875146,RSU1,600.7875146,276.8442993
11/19/2025 13:16,135168,0,10.45,1,36.13032248,-97.10734116,62.35,449,1,0,1,572.9159211,RSU1,572.9159211,275.2721558
11/19/2025 13:16,135168,0,10.45,1,36.13032119,-97.10703331,61.85,450,1,0,2,545.2676462,RSU1,545.2676462,273.9599915
11/19/2025 13:16,139264,4096,20.9,1,36.13032019,-97.10672896,61.14,451,1,1,0,517.9338408,RSU1,517.9338408,272.8912964
11/19/2025 13:16,139264,0,10.45,1,36.13032013,-97.10642575,60.92,452,1,0,1,490.7028799,RSU1,490.7028799,272.0959473
11/19/2025 13:16,139264,0,10.45,1,36.13032051,-97.10612452,60.52,453,1,0,2,463.6500052,RSU1,463.6500052,271.3684692
11/19/2025 13:16,143360,4096,20.9,1,36.13031963,-97.10582484,60.21,454,1,1,0,436.735681,RSU1,436.735681,270.7480164
11/19/2025 13:16,143360,0,10.45,1,36.13031932,-97.10552618,60,455,1,0,1,409.9132902,RSU1,409.9132902,270.5077209
11/19/2025 13:16,143360,0,10.45,1,36.13031865,-97.10522808,59.89,456,1,0,2,383.1410015,RSU1,383.1410015,270.4469299
11/19/2025 13:16,147456,4096,20.9,1,36.13032128,-97.10492991,59.91,457,1,1,0,356.3646791,RSU1,356.3646791,270.3632507
11/19/2025 13:16,147456,0,10.45,1,36.13032438,-97.10462972,60.31,458,1,0,1,329.407997,RSU1,329.407997,270.0655212
11/19/2025 13:16,147456,0,10.45,1,36.13032509,-97.10432918,60.38,459,1,0,2,302.4183013,RSU1,302.4183013,270.0258179
11/19/2025 13:16,151552,4096,20.9,1,36.13032408,-97.10402779,60.55,460,1,1,0,275.350707,RSU1,275.350707,270.0176086
11/19/2025 13:16,151552,0,10.45,1,36.13032295,-97.10372592,60.65,461,1,0,1,248.2399523,RSU1,248.2399523,269.8838196
11/19/2025 13:16,151552,0,10.45,1,36.13032461,-97.10342247,60.96,462,1,0,2,220.9910217,RSU1,220.9910217,269.8417053
11/19/2025 13:16,155648,4096,20.9,1,36.13032791,-97.10311998,60.77,463,1,1,0,193.8323835,RSU1,193.8323835,269.7051697
11/19/2025 13:16,155648,0,10.45,1,36.13032899,-97.1028165,60.97,464,1,0,1,166.5832804,RSU1,166.5832804,266.8235168
11/19/2025 13:16,155648,0,10.45,1,36.13032974,-97.1025149,60.59,465,1,0,2,139.5046828,RSU1,139.5046828,269.7750854
11/19/2025 13:16,159744,4096,20.9,1,36.13032987,-97.10221195,60.86,466,1,1,0,112.3067583,RSU1,112.3067583,269.9875793
11/19/2025 13:16,159744,0,10.45,1,36.13033105,-97.10191024,60.61,467,1,0,1,85.23110754,RSU1,85.23110754,270.3452148
11/19/2025 13:16,159744,0,10.45,1,36.1303315,-97.10160646,61.03,468,1,0,2,57.98464571,RSU1,57.98464571,270.5176086
11/19/2025 13:16,163840,4096,20.9,1,36.1303313,-97.10130227,61.11,469,1,1,0,30.75709755,RSU1,30.75709755,270.6488953
11/19/2025 13:16,163840,0,10.45,1,36.13033347,-97.10099897,60.93,470,1,0,1,4.987500784,RSU1,4.987500784,270.9487915
11/19/2025 13:16,163840,0,10.45,1,36.13033603,-97.10069827,60.41,471,1,0,2,24.02195454,RSU1,24.02195454,271.7954712
11/19/2025 13:16,167936,4096,20.9,1,36.13033777,-97.10039985,59.95,472,1,1,0,50.66090489,RSU1,50.66090489,273.1587219
11/19/2025 13:16,167936,0,10.45,1,36.13034171,-97.10010259,59.73,473,1,0,1,77.32256897,RSU1,77.32256897,274.365509
11/19/2025 13:16,172032,4096,20.9,1,36.13034524,-97.09980174,60.45,474,1,1,0,104.3239454,RSU1,104.3239454,275.2858276
11/19/2025 13:16,172032,0,20.9,1,36.13034731,-97.09949896,60.83,475,1,0,1,131.5004349,RSU1,131.5004349,276.1123962
11/19/2025 13:16,172032,0,10.45,1,36.13034595,-97.09919388,61.29,476,1,0,2,158.8764887,RSU1,158.8764887,276.8442078
11/19/2025 13:16,176128,4096,20.9,1,36.1303443,-97.09888708,61.64,477,1,1,0,186.413019,RSU1,186.413019,277.2770996
11/19/2025 13:16,176128,0,10.45,1,36.13034319,-97.09858054,61.58,478,1,0,1,213.9321002,RSU1,213.9321002,277.7650757
11/19/2025 13:16,176128,0,10.45,1,36.13034431,-97.09827451,61.48,479,1,0,2,241.4129303,RSU1,241.4129303,278.2874756
11/19/2025 13:17,176128,0,10.45,1,36.1303449,-97.09797102,60.97,480,1,0,3,268.6653822,RSU1,268.6653822,278.9966431
11/19/2025 13:17,176128,0,0,0,36.1303469,-97.09766966,60.54,481,1,0,4,295.730019,RSU1,295.730019,280.0537109
11/19/2025 13:17,176128,0,0,0,36.13034986,-97.09737153,59.9,482,1,0,5,322.5066481,RSU1,322.5066481,281.5917969
11/19/2025 13:17,176128,0,0,0,36.13035399,-97.09707529,59.52,483,1,0,6,349.1158239,RSU1,349.1158239,283.2191772
11/19/2025 13:17,176128,0,0,0,36.13035758,-97.09677997,59.34,484,1,0,7,375.6413587,RSU1,375.6413587,285.2615356
11/19/2025 13:17,180224,4096,10.45,1,36.13035885,-97.09643577,69.15,485,1,1,0,406.5519478,RSU1,406.5519478,287.7301636
11/19/2025 13:17,180224,0,10.45,1,36.13035782,-97.09614679,58.06,486,1,0,1,432.5002746,RSU1,432.5002746,289.138092
11/19/2025 13:17,180224,0,10.45,1,36.13035839,-97.0958678,56.05,487,1,0,2,457.5545545,RSU1,457.5545545,289.8020325
11/19/2025 13:17,184320,4096,20.9,1,36.13036154,-97.09555274,63.3,488,1,1,0,485.8521075,RSU1,485.8521075,290.416687
11/19/2025 13:17,184320,0,10.45,1,36.13036336,-97.09528747,53.29,489,1,0,1,509.6764203,RSU1,509.6764203,290.9230652
11/19/2025 13:17,184320,0,10.45,1,36.1303651,-97.0950256,52.61,490,1,0,2,533.195319,RSU1,533.195319,291.5269775
11/19/2025 13:17,184320,0,10.45,1,36.13036647,-97.09476771,51.81,491,1,0,3,556.3562896,RSU1,556.3562896,291.9945068
11/19/2025 13:17,184320,0,0,0,36.13036681,-97.09451812,50.14,492,1,0,4,578.7704684,RSU1,578.7704684,292.5719604
11/19/2025 13:17,184320,0,0,0,36.13036786,-97.09427639,48.57,493,1,0,5,600.4798899,RSU1,600.4798899,293.1259766
11/19/2025 13:17,184320,0,0,0,36.13036868,-97.09404437,46.61,494,1,0,6,621.3170519,RSU1,621.3170519,293.7150574
11/19/2025 13:17,184320,0,0,0,36.13036867,-97.09382192,44.69,495,1,0,7,641.2937392,RSU1,641.2937392,294.2157898
11/19/2025 13:17,184320,0,0,0,36.13036848,-97.09357653,49.3,496,1,0,8,663.3303834,RSU1,663.3303834,294.7288818
11/19/2025 13:17,184320,0,0,0,36.13036705,-97.09337562,40.36,497,1,0,9,681.371136,RSU1,681.371136,295.0479126
11/19/2025 13:17,184320,0,0,0,36.1303666,-97.09318693,37.91,498,1,0,10,698.3158038,RSU1,698.3158038,295.2879028
11/19/2025 13:17,184320,0,0,0,36.13036491,-97.09301355,34.83,499,1,0,11,713.8842323,RSU1,713.8842323,295.416687
11/19/2025 13:17,184320,0,0,0,36.13036437,-97.09286756,29.33,500,1,0,12,726.9942981,RSU1,726.9942981,295.5532227
11/19/2025 13:17,184320,0,0,0,36.1303789,-97.09276225,21.46,501,1,0,13,736.4691096,RSU1,736.4691096,295.6732483
11/19/2025 13:17,184320,0,0,0,36.13041638,-97.09271016,14.02,502,1,0,14,741.2078371,RSU1,741.2078371,295.6932373
11/19/2025 13:17,184320,0,0,0,36.13045765,-97.09269103,10.96,503,1,0,15,743.0195413,RSU1,743.0195413,295.4964905
11/19/2025 13:17,184320,0,0,0,36.13049432,-97.09269338,9.13,504,1,0,16,742.9157849,RSU1,742.9157849,295.4764709
11/19/2025 13:17,184320,0,0,0,36.13051579,-97.09269689,5.39,505,1,0,17,742.6738837,RSU1,742.6738837,295.4364929
11/19/2025 13:17,184320,0,0,0,36.13052026,-97.09269693,1.11,506,1,0,18,742.686497,RSU1,742.686497,295.4364929
11/19/2025 13:17,184320,0,0,0,36.13051971,-97.09269661,0.15,507,1,0,19,742.7132089,RSU1,742.7132089,295.4364929
11/19/2025 13:17,184320,0,0,0,36.13051922,-97.09269654,0.12,508,1,0,20,742.7177042,RSU1,742.7177042,295.4364929
11/19/2025 13:17,184320,0,0,0,36.13051918,-97.09269653,0.01,509,1,0,21,742.7184561,RSU1,742.7184561,295.4364929
11/19/2025 13:17,184320,0,0,0,36.13051916,-97.09269654,0.01,510,1,0,22,742.7174856,RSU1,742.7174856,295.4364929
11/19/2025 13:17,184320,0,0,0,36.13051915,-97.09269653,0,511,1,0,23,742.7183468,RSU1,742.7183468,295.4364929
11/19/2025 13:17,184320,0,0,0,36.13051915,-97.09269653,0,512,1,0,24,742.7183468,RSU1,742.7183468,295.4364929
11/19/2025 13:17,184320,0,0,0,36.13051914,-97.09269653,0,513,1,0,25,742.7183103,RSU1,742.7183103,295.4364929
11/19/2025 13:17,184320,0,0,0,36.13051914,-97.09269652,0,514,1,0,26,742.7192079,RSU1,742.7192079,295.4364929
11/19/2025 13:17,184320,0,0,0,36.13051914,-97.09269651,0,515,1,0,27,742.7201055,RSU1,742.7201055,295.4364929
11/19/2025 13:17,184320,0,0,0,36.13051915,-97.09269651,0,516,1,0,28,742.720142,RSU1,742.720142,295.4364929
11/19/2025 13:17,184320,0,0,0,36.13051916,-97.09269651,0,517,1,0,29,742.7201784,RSU1,742.7201784,295.4364929
11/19/2025 13:17,184320,0,0,0,36.13051917,-97.09269651,0,518,1,0,30,742.7202149,RSU1,742.7202149,295.4364929
11/19/2025 13:17,184320,0,0,0,36.13051919,-97.09269648,0.01,519,1,0,31,742.7229806,RSU1,742.7229806,295.4364929
11/19/2025 13:17,184320,0,0,0,36.1305192,-97.09269648,0,520,1,0,32,742.723017,RSU1,742.723017,295.4364929
11/19/2025 13:17,184320,0,0,0,36.1305192,-97.09269646,0,521,1,0,33,742.7248122,RSU1,742.7248122,295.4364929
11/19/2025 13:17,184320,0,0,0,36.1305192,-97.09269645,0,522,1,0,34,742.7257099,RSU1,742.7257099,295.4364929
11/19/2025 13:17,184320,0,0,0,36.13051549,-97.09269581,0.93,523,1,0,35,742.769752,RSU1,742.769752,295.4364929
11/19/2025 13:17,184320,0,0,0,36.1305163,-97.09269294,0.61,524,1,0,36,743.0302776,RSU1,743.0302776,295.6364746
11/19/2025 13:17,184320,0,0,0,36.13051604,-97.09269269,0.08,525,1,0,37,743.0517842,RSU1,743.0517842,295.6364746
11/19/2025 13:17,184320,0,0,0,36.13050933,-97.09269346,1.68,526,1,0,38,742.9589491,RSU1,742.9589491,295.6364746
11/19/2025 13:17,184320,0,0,0,36.13050312,-97.09269779,1.77,527,1,0,39,742.5489697,RSU1,742.5489697,295.4164734
11/19/2025 13:17,184320,0,0,0,36.13050178,-97.09269662,0.41,528,1,0,40,742.6494881,RSU1,742.6494881,295.4164734
11/19/2025 13:17,184320,0,0,0,36.13050182,-97.09269623,0.08,529,1,0,41,742.684632,RSU1,742.684632,295.4164734
11/19/2025 13:17,184320,0,0,0,36.13049653,-97.0926994,1.46,530,1,0,42,742.3825427,RSU1,742.3825427,295.4164734
11/19/2025 13:17,184320,0,0,0,36.13049751,-97.09270114,0.43,531,1,0,43,742.2295534,RSU1,742.2295534,295.4164734
11/19/2025 13:17,184320,0,0,0,36.13049795,-97.09270165,0.15,532,1,0,44,742.1852179,RSU1,742.1852179,295.4164734
11/19/2025 13:17,184320,0,0,0,36.13049796,-97.09270164,0,533,1,0,45,742.1861485,RSU1,742.1861485,295.4164734
11/19/2025 13:17,184320,0,0,0,36.13049802,-97.09270165,0.02,534,1,0,46,742.1854485,RSU1,742.1854485,295.4164734
11/19/2025 13:17,184320,0,0,0,36.13049806,-97.09270164,0.01,535,1,0,47,742.1864779,RSU1,742.1864779,295.4164734
11/19/2025 13:17,184320,0,0,0,36.13049806,-97.09270167,0.01,536,1,0,48,742.1837848,RSU1,742.1837848,295.4164734
11/19/2025 13:17,184320,0,0,0,36.1305184,-97.0927063,5.14,537,1,0,49,741.8386488,RSU1,741.8386488,295.4364929
11/19/2025 13:17,184320,0,0,0,36.13055084,-97.0927082,8.08,538,1,0,50,741.7948219,RSU1,741.7948219,295.4564819
11/19/2025 13:17,184320,0,0,0,36.13059675,-97.09271144,11.44,539,1,0,51,741.7133977,RSU1,741.7133977,295.5164795
11/19/2025 13:18,184320,0,0,0,36.13065073,-97.09271026,13.43,540,1,0,52,742.1102299,RSU1,742.1102299,295.556488
11/19/2025 13:18,184320,0,0,0,36.13070712,-97.09270728,14.04,541,1,0,53,742.733019,RSU1,742.733019,295.5276794
11/19/2025 13:18,184320,0,0,0,36.13076299,-97.09270593,13.9,542,1,0,54,743.2582289,RSU1,743.2582289,295.5276794
11/19/2025 13:18,184320,0,0,0,36.13081138,-97.09272529,12.65,543,1,0,55,741.9164644,RSU1,741.9164644,295.4476624
11/19/2025 13:18,184320,0,0,0,36.13083599,-97.09277119,11.07,544,1,0,56,738.022236,RSU1,738.022236,295.3476868
11/19/2025 13:18,184320,0,0,0,36.13083547,-97.09281133,8.07,545,1,0,57,734.4244305,RSU1,734.4244305,295.3676758
11/19/2025 13:18,184320,0,0,0,36.13083331,-97.09282371,2.54,546,1,0,58,733.2968031,RSU1,733.2968031,295.3876648
11/19/2025 13:18,184320,0,0,0,36.13083268,-97.09282519,0.34,547,1,0,59,733.1586607,RSU1,733.1586607,295.3876648
11/19/2025 13:18,184320,0,0,0,36.13083056,-97.09282613,0.56,548,1,0,60,733.0555164,RSU1,733.0555164,295.3876648
11/19/2025 13:18,184320,0,0,0,36.13083108,-97.09282507,0.25,549,1,0,61,733.1550583,RSU1,733.1550583,295.3876648
11/19/2025 13:18,184320,0,0,0,36.13082835,-97.09281452,2.23,550,1,0,62,734.0751285,RSU1,734.0751285,295.3476868
11/19/2025 13:18,184320,0,0,0,36.13082787,-97.09279683,3.56,551,1,0,63,735.6545135,RSU1,735.6545135,295.3476868
11/19/2025 13:18,184320,0,0,0,36.1308316,-97.09278192,3.14,552,1,0,64,737.0224418,RSU1,737.0224418,295.3676758
11/19/2025 13:18,184320,0,0,0,36.13083468,-97.09277517,1.56,553,1,0,65,737.654214,RSU1,737.654214,295.3676758
11/19/2025 13:18,184320,0,0,0,36.13083557,-97.09277531,0.22,554,1,0,66,737.6496605,RSU1,737.6496605,295.3476868
11/19/2025 13:18,184320,0,0,0,36.130833,-97.09277709,0.73,555,1,0,67,737.4673125,RSU1,737.4673125,295.3676758
11/19/2025 13:18,184320,0,0,0,36.13082118,-97.09277863,2.95,556,1,0,68,737.2250267,RSU1,737.2250267,295.3676758
11/19/2025 13:18,184320,0,0,0,36.13079494,-97.09277657,6.54,557,1,0,69,737.1860182,RSU1,737.1860182,295.3276672
11/19/2025 13:18,184320,0,0,0,36.13075944,-97.09276903,8.96,558,1,0,70,737.5775377,RSU1,737.5775377,295.4476624
11/19/2025 13:18,184320,0,0,0,36.13071492,-97.09275984,11.23,559,1,0,71,738.0751366,RSU1,738.0751366,295.5276794
11/19/2025 13:18,184320,0,0,0,36.13066366,-97.09274828,12.96,560,1,0,72,738.7776521,RSU1,738.7776521,295.5364685
11/19/2025 13:18,184320,0,0,0,36.13060722,-97.09274187,14.1,561,1,0,73,739.0360593,RSU1,739.0360593,295.5364685
11/19/2025 13:18,184320,0,0,0,36.13055263,-97.09273924,13.59,562,1,0,74,739.0166422,RSU1,739.0166422,295.5364685
11/19/2025 13:18,184320,0,0,0,36.13050885,-97.09274062,10.89,563,1,0,75,738.7239419,RSU1,738.7239419,295.5764771
11/19/2025 13:18,184320,0,0,0,36.13048136,-97.09274486,6.89,564,1,0,76,738.2536451,RSU1,738.2536451,295.556488
11/19/2025 13:18,184320,0,0,0,36.13047041,-97.09274623,2.74,565,1,0,77,738.0984414,RSU1,738.0984414,295.556488
11/19/2025 13:18,184320,0,0,0,36.13046665,-97.09274747,0.97,566,1,0,78,737.9765152,RSU1,737.9765152,295.556488
11/19/2025 13:18,184320,0,0,0,36.1304606,-97.09274879,1.53,567,1,0,79,737.8414438,RSU1,737.8414438,295.4964905
11/19/2025 13:18,184320,0,0,0,36.13044257,-97.09275793,4.85,568,1,0,80,736.9750575,RSU1,736.9750575,295.3764954
11/19/2025 13:18,184320,0,0,0,36.13041878,-97.09278994,8.74,569,1,0,81,734.048668,RSU1,734.048668,295.5532227
11/19/2025 13:18,184320,0,0,0,36.13040405,-97.09284875,12.37,570,1,0,82,728.740048,RSU1,728.740048,295.5732422
11/19/2025 13:18,184320,0,0,0,36.13040196,-97.09293472,17.28,571,1,0,83,721.0164132,RSU1,721.0164132,295.5166931
11/19/2025 13:18,184320,0,0,0,36.13040181,-97.09305173,23.51,572,1,0,84,710.5088383,RSU1,710.5088383,295.4367065
11/19/2025 13:18,184320,0,0,0,36.13040219,-97.09319526,28.84,573,1,0,85,697.6208099,RSU1,697.6208099,295.2679138
11/19/2025 13:18,184320,0,0,0,36.13040131,-97.09336253,33.61,574,1,0,86,682.5987672,RSU1,682.5987672,295.1079102
11/19/2025 13:18,184320,0,0,0,36.13040083,-97.09355311,38.29,575,1,0,87,665.4843341,RSU1,665.4843341,294.8288879
11/19/2025 13:18,184320,0,0,0,36.13040007,-97.09376236,42.04,576,1,0,88,646.6929513,RSU1,646.6929513,294.4157715
11/19/2025 13:18,184320,0,0,0,36.13039984,-97.09398351,44.43,577,1,0,89,626.8341262,RSU1,626.8341262,293.9550476
11/19/2025 13:18,184320,0,0,0,36.13039875,-97.09421466,46.44,578,1,0,90,606.0757873,RSU1,606.0757873,293.2859802
11/19/2025 13:18,184320,0,0,0,36.13039778,-97.09445337,47.96,579,1,0,91,584.6389589,RSU1,584.6389589,292.7319336
11/19/2025 13:18,184320,0,0,0,36.13039633,-97.09469961,49.47,580,1,0,92,562.5251151,RSU1,562.5251151,292.1145325
11/19/2025 13:18,184320,0,0,0,36.13039517,-97.09495386,51.08,581,1,0,93,539.6927833,RSU1,539.6927833,291.6069946
11/19/2025 13:18,184320,0,0,0,36.13039484,-97.09521552,52.57,582,1,0,94,516.197161,RSU1,516.197161,291.0630493
11/19/2025 13:18,184320,0,0,0,36.13039451,-97.09548335,53.81,583,1,0,95,492.1479208,RSU1,492.1479208,290.5366821
11/19/2025 13:18,188416,4096,10.45,1,36.13039273,-97.09575761,55.1,584,1,1,0,467.518233,RSU1,467.518233,289.9620361
11/19/2025 13:18,188416,0,10.45,1,36.13039085,-97.09603861,56.45,585,1,0,1,442.2833875,RSU1,442.2833875,289.4204712
11/19/2025 13:18,188416,0,10.45,1,36.13038848,-97.09632394,57.33,586,1,0,2,416.6587925,RSU1,416.6587925,288.4780884
11/19/2025 13:18,192512,4096,20.9,1,36.13038611,-97.09666076,67.67,587,1,1,0,386.4115813,RSU1,386.4115813,286.1615295
11/19/2025 13:18,192512,0,10.45,1,36.13038432,-97.09695278,58.67,588,1,0,1,360.1887695,RSU1,360.1887695,284.1391907
11/19/2025 13:18,192512,0,10.45,1,36.13038185,-97.09724362,58.43,589,1,0,2,334.0704784,RSU1,334.0704784,282.2702332
11/19/2025 13:18,196608,4096,20.9,1,36.13038121,-97.09753217,57.97,590,1,1,0,308.1642336,RSU1,308.1642336,280.7717896
11/19/2025 13:18,196608,0,10.45,1,36.13038028,-97.097817,57.22,591,1,0,1,282.5924406,RSU1,282.5924406,279.4737244
11/19/2025 13:18,196608,0,10.45,1,36.13037968,-97.09809962,56.78,592,1,0,2,257.2220422,RSU1,257.2220422,278.6474609
11/19/2025 13:18,200704,4096,20.9,1,36.13037736,-97.09837938,56.21,593,1,1,0,232.103711,RSU1,232.103711,278.0650635
11/19/2025 13:18,200704,0,10.45,1,36.13037625,-97.09865854,56.08,594,1,0,1,207.0466623,RSU1,207.0466623,277.6009521
11/19/2025 13:18,200704,0,10.45,1,36.1303769,-97.0989382,56.18,595,1,0,2,181.9578454,RSU1,181.9578454,277.2371216
11/19/2025 13:18,204800,4096,20.9,1,36.13037829,-97.0992187,56.35,596,1,1,0,156.807037,RSU1,156.807037,276.7641907
11/19/2025 13:18,204800,0,10.45,1,36.13037853,-97.09950139,56.79,597,1,0,1,131.4672218,RSU1,131.4672218,276.0723877
11/19/2025 13:18,204800,0,10.45,1,36.13037758,-97.09978668,57.31,598,1,0,2,105.907018,RSU1,105.907018,275.3658447
11/19/2025 13:18,208896,4096,20.9,1,36.13037534,-97.10007198,57.32,599,1,1,0,80.37021024,RSU1,80.37021024,274.4454956
11/19/2025 13:19,208896,0,10.45,1,36.13037287,-97.10035801,57.47,600,1,0,1,54.84598674,RSU1,54.84598674,273.3387146
11/19/2025 13:19,208896,0,10.45,1,36.13037078,-97.10064596,57.85,601,1,0,2,29.45442351,RSU1,29.45442351,272.1154785
11/19/2025 13:19,212992,4096,20.9,1,36.1303653,-97.10093353,57.79,602,1,1,0,7.698063474,RSU1,7.698063474,271.1288147
11/19/2025 13:19,212992,0,10.45,1,36.13036123,-97.10121777,57.11,603,1,0,1,23.95839486,RSU1,23.95839486,270.6889038
11/19/2025 13:19,212992,0,10.45,1,36.13035966,-97.10149861,56.42,604,1,0,2,48.64721896,RSU1,48.64721896,270.5216064
11/19/2025 13:19,217088,4096,20.9,1,36.13035927,-97.10177909,56.35,605,1,1,0,73.67794796,RSU1,73.67794796,270.357605
11/19/2025 13:19,217088,0,10.45,1,36.13035841,-97.10206044,56.52,606,1,0,1,98.86412046,RSU1,98.86412046,270.107605
11/19/2025 13:19,217088,0,10.45,1,36.13035759,-97.10234336,56.84,607,1,0,2,124.2246681,RSU1,124.2246681,269.875061
11/19/2025 13:19,221184,4096,20.9,1,36.13035588,-97.10262674,56.93,608,1,1,0,149.6388352,RSU1,149.6388352,269.6858215
11/19/2025 13:19,221184,0,10.45,1,36.13035518,-97.10290948,56.8,609,1,0,1,175.0101553,RSU1,175.0101553,264.5435181
11/19/2025 13:19,221184,0,10.45,1,36.13035256,-97.10319296,56.95,610,1,0,2,200.4470381,RSU1,200.4470381,269.7051697
11/19/2025 13:19,225280,4096,20.9,1,36.13034998,-97.10347576,56.82,611,1,1,0,225.828395,RSU1,225.828395,269.7417297
11/19/2025 13:19,225280,0,10.45,1,36.13034987,-97.10375976,57.06,612,1,0,1,251.3271354,RSU1,251.3271354,269.9238281
11/19/2025 13:19,225280,0,10.45,1,36.13034901,-97.1040444,57.18,613,1,0,2,276.8830191,RSU1,276.8830191,269.8976135
11/19/2025 13:19,229376,4096,20.9,1,36.1303479,-97.10432899,57.17,614,1,1,0,302.4352288,RSU1,302.4352288,269.9858093
11/19/2025 13:19,229376,0,10.45,1,36.13034702,-97.10461461,57.38,615,1,0,1,328.0814328,RSU1,328.0814328,270.0255127
11/19/2025 13:19,229376,0,10.45,1,36.13034706,-97.10489931,57.2,616,1,0,2,353.6473049,RSU1,353.6473049,270.2632446
11/19/2025 13:19,233472,4096,20.9,1,36.13034718,-97.10518362,57.12,617,1,1,0,379.1786746,RSU1,379.1786746,270.4069214
11/19/2025 13:19,233472,0,10.45,1,36.13034605,-97.10546858,57.25,618,1,0,1,404.7669428,RSU1,404.7669428,270.4153442
11/19/2025 13:19,233472,0,10.45,1,36.13034476,-97.10575337,57.22,619,1,0,2,430.34024,RSU1,430.34024,270.7279968
11/19/2025 13:19,237568,4096,20.9,1,36.13034443,-97.10603645,56.87,620,1,1,0,455.7615635,RSU1,455.7615635,271.1884766
11/19/2025 13:19,237568,0,10.45,1,36.13034593,-97.10631843,56.65,621,1,0,1,481.0864277,RSU1,481.0864277,271.7159729
11/19/2025 13:19,237568,0,10.45,1,36.13034615,-97.10660026,56.62,622,1,0,2,506.3963842,RSU1,506.3963842,272.511322
11/19/2025 13:19,237568,0,10.45,1,36.1303447,-97.10688194,56.59,623,1,0,3,531.6912137,RSU1,531.6912137,273.4067383
11/19/2025 13:19,237568,0,0,0,36.13034382,-97.1071625,56.36,624,1,0,4,556.8863077,RSU1,556.8863077,274.3800049
11/19/2025 13:19,237568,0,0,0,36.13034415,-97.10744369,56.49,625,1,0,5,582.1392771,RSU1,582.1392771,275.7121582
11/19/2025 13:19,237568,0,0,0,36.13034541,-97.10772372,56.26,626,1,0,6,607.2889715,RSU1,607.2889715,277.1043091
11/19/2025 13:19,237568,0,0,0,36.13034615,-97.10800571,56.65,627,1,0,7,632.6142249,RSU1,632.6142249,278.6097717
11/19/2025 13:19,237568,0,0,0,36.1303482,-97.10833607,66.37,628,1,0,8,662.2846184,RSU1,662.2846184,279.8800659
11/19/2025 13:19,237568,0,0,0,36.13034829,-97.10862393,57.83,629,1,0,9,688.1364983,RSU1,688.1364983,280.4978943
11/19/2025 13:19,237568,0,0,0,36.13034776,-97.10891377,58.23,630,1,0,10,714.1657366,RSU1,714.1657366,280.7000122
11/19/2025 13:19,237568,0,0,0,36.13034715,-97.10919903,57.31,631,1,0,11,739.7836837,RSU1,739.7836837,280.8945007
11/19/2025 13:19,237568,0,0,0,36.13034766,-97.10947672,55.79,632,1,0,12,764.7227189,RSU1,764.7227189,280.8285217
11/19/2025 13:19,237568,0,0,0,36.13034743,-97.10974859,54.62,633,1,0,13,789.1385407,RSU1,789.1385407,280.9025269
11/19/2025 13:19,237568,0,0,0,36.13034542,-97.11001639,53.8,634,1,0,14,813.1876458,RSU1,813.1876458,281.0819092
11/19/2025 13:19,237568,0,0,0,36.13034421,-97.11027968,52.9,635,1,0,15,836.8324012,RSU1,836.8324012,281.1792603
11/19/2025 13:19,237568,0,0,0,36.13034337,-97.1105404,52.38,636,1,0,16,860.2466667,RSU1,860.2466667,281.3587646
11/19/2025 13:19,237568,0,0,0,36.13034254,-97.1107974,51.63,637,1,0,17,883.3269098,RSU1,883.3269098,281.5278015
11/19/2025 13:19,237568,0,0,0,36.13034248,-97.1110467,50.09,638,1,0,18,905.7161185,RSU1,905.7161185,281.8626099
11/19/2025 13:19,237568,0,0,0,36.13034238,-97.11128081,47.03,639,1,0,19,926.74113,RSU1,926.74113,282.256897
11/19/2025 13:19,237568,0,0,0,36.1303426,-97.11148112,40.24,640,1,0,20,944.7308022,RSU1,944.7308022,282.5961304
11/19/2025 13:19,237568,0,0,0,36.13034406,-97.11164343,32.61,641,1,0,21,959.3084393,RSU1,959.3084393,282.8561401
11/19/2025 13:19,237568,0,0,0,36.13033462,-97.11176625,24.79,642,1,0,22,970.3340496,RSU1,970.3340496,283.0976868
11/19/2025 13:19,237568,0,0,0,36.13030134,-97.11183936,16.86,643,1,0,23,976.8926188,RSU1,976.8926188,283.1376953
11/19/2025 13:19,237568,0,0,0,36.13026151,-97.1118724,11.93,644,1,0,24,979.869516,RSU1,979.869516,283.317688
11/19/2025 13:19,237568,0,0,0,36.13022852,-97.11187695,8.26,645,1,0,25,980.3012317,RSU1,980.3012317,283.317688
11/19/2025 13:19,237568,0,0,0,36.13021522,-97.11187565,3.32,646,1,0,26,980.1976737,RSU1,980.1976737,283.4577026
11/19/2025 13:19,237568,0,0,0,36.13021496,-97.11187532,0.09,647,1,0,27,980.168318,RSU1,980.168318,283.4577026
11/19/2025 13:19,237568,0,0,0,36.13021858,-97.11187561,0.9,648,1,0,28,980.1905384,RSU1,980.1905384,283.4577026
11/19/2025 13:19,237568,0,0,0,36.13022982,-97.11187433,2.81,649,1,0,29,980.0647681,RSU1,980.0647681,283.317688
11/19/2025 13:19,237568,0,0,0,36.13024361,-97.11187197,3.46,650,1,0,30,979.8417255,RSU1,979.8417255,283.317688
11/19/2025 13:19,237568,0,0,0,36.13025838,-97.11187009,3.69,651,1,0,31,979.6636594,RSU1,979.6636594,283.317688
11/19/2025 13:19,237568,0,0,0,36.13027331,-97.11187329,3.77,652,1,0,32,979.9445201,RSU1,979.9445201,283.317688
11/19/2025 13:19,237568,0,0,0,36.13028473,-97.11188156,3.29,653,1,0,33,980.6841511,RSU1,980.6841511,283.317688
11/19/2025 13:19,237568,0,0,0,36.13028631,-97.11188367,0.58,654,1,0,34,980.8733511,RSU1,980.8733511,283.1976929
11/19/2025 13:19,237568,0,0,0,36.1302849,-97.11188012,0.79,655,1,0,35,980.5547917,RSU1,980.5547917,283.317688
11/19/2025 13:19,237568,0,0,0,36.1302822,-97.11185518,5.06,656,1,0,36,978.3155186,RSU1,978.3155186,283.317688
11/19/2025 13:19,237568,0,0,0,36.13028858,-97.11180449,10.31,657,1,0,37,973.7618498,RSU1,973.7618498,283.0776978
11/19/2025 13:19,237568,0,0,0,36.13029614,-97.11172879,15.32,658,1,0,38,966.9624745,RSU1,966.9624745,282.8576965
11/19/2025 13:19,237568,0,0,0,36.13030179,-97.1116289,20.12,659,1,0,39,957.9912727,RSU1,957.9912727,282.736145
11/19/2025 13:20,237568,0,0,0,36.13030263,-97.11150482,24.93,660,1,0,40,946.8477026,RSU1,946.8477026,282.5561523
11/19/2025 13:20,237568,0,0,0,36.13030278,-97.11135804,29.49,661,1,0,41,933.6654378,RSU1,933.6654378,282.3569031
11/19/2025 13:20,237568,0,0,0,36.13030312,-97.11118911,33.94,662,1,0,42,918.4938951,RSU1,918.4938951,282.0169067
11/19/2025 13:20,237568,0,0,0,36.13030424,-97.11100017,37.96,663,1,0,43,901.525299,RSU1,901.525299,281.6426086
11/19/2025 13:20,237568,0,0,0,36.13030552,-97.11079706,40.81,664,1,0,44,883.2841308,RSU1,883.2841308,281.4277954
11/19/2025 13:20,237568,0,0,0,36.13030695,-97.11058309,42.99,665,1,0,45,864.0676709,RSU1,864.0676709,281.2587585
11/19/2025 13:20,237568,0,0,0,36.13030823,-97.11035841,45.14,666,1,0,46,843.8893685,RSU1,843.8893685,281.1392517
11/19/2025 13:20,237568,0,0,0,36.13030879,-97.11012635,46.62,667,1,0,47,823.0482081,RSU1,823.0482081,281.0419312
11/19/2025 13:20,237568,0,0,0,36.13030925,-97.1098868,48.12,668,1,0,48,801.534369,RSU1,801.534369,280.9025269
11/19/2025 13:20,237568,0,0,0,36.130311,-97.10964242,49.1,669,1,0,49,779.5869627,RSU1,779.5869627,281.0085144
11/19/2025 13:20,241664,4096,10.45,1,36.13031298,-97.10939236,50.24,670,1,1,0,757.1295532,RSU1,757.1295532,280.8778076
11/19/2025 13:20,241664,0,10.45,1,36.13031407,-97.1091364,51.42,671,1,0,1,734.1421464,RSU1,734.1421464,280.7944946
11/19/2025 13:20,241664,0,10.45,1,36.13031453,-97.10887599,52.32,672,1,0,2,710.7549675,RSU1,710.7549675,280.6800232
11/19/2025 13:20,241664,0,10.45,1,36.13031463,-97.10856429,62.62,673,1,0,3,682.7613828,RSU1,682.7613828,280.3978882
11/19/2025 13:20,241664,0,0,0,36.13031394,-97.10828994,55.12,674,1,0,4,658.1219797,RSU1,658.1219797,279.8400879
11/19/2025 13:20,245760,4096,10.45,1,36.13031191,-97.10800559,57.13,675,1,1,0,632.5841582,RSU1,632.5841582,278.5097656
11/19/2025 13:20,245760,0,10.45,1,36.13031029,-97.10771131,59.12,676,1,0,1,606.1546568,RSU1,606.1546568,277.0643005
11/19/2025 13:20,245760,0,10.45,1,36.13030977,-97.10740588,61.36,677,1,0,2,578.7240186,RSU1,578.7240186,275.492157
11/19/2025 13:20,249856,4096,20.9,1,36.13031024,-97.10709127,63.21,678,1,1,0,550.4691418,RSU1,550.4691418,274.1399841
11/19/2025 13:20,249856,0,10.45,1,36.1303104,-97.1067682,64.91,679,1,0,1,521.4544228,RSU1,521.4544228,273.1467285
11/19/2025 13:20,249856,0,10.45,1,36.13031096,-97.10643881,66.17,680,1,0,2,491.872228,RSU1,491.872228,271.8959656
11/19/2025 13:20,253952,4096,20.9,1,36.13031184,-97.1061043,67.2,681,1,1,0,461.8303461,RSU1,461.8303461,271.1884766
11/19/2025 13:20,253952,0,10.45,1,36.13031196,-97.10576695,67.77,682,1,0,1,431.5332129,RSU1,431.5332129,270.6279907
11/19/2025 13:20,253952,0,10.45,1,36.13031162,-97.10542751,68.19,683,1,0,2,401.0482382,RSU1,401.0482382,270.2953491
11/19/2025 13:20,258048,4096,20.9,1,36.13031182,-97.10508635,68.54,684,1,1,0,370.4090076,RSU1,370.4090076,270.3669434
11/19/2025 13:20,258048,0,10.45,1,36.13031301,-97.10474291,69,685,1,0,1,339.5655081,RSU1,339.5655081,270.0655212
11/19/2025 13:20,262144,4096,20.9,1,36.1303141,-97.10440219,68.45,686,1,1,0,308.9664384,RSU1,308.9664384,270.0258179
11/19/2025 13:20,262144,0,20.9,1,36.13031485,-97.1040643,67.88,687,1,0,1,278.6215498,RSU1,278.6215498,269.8976135
11/19/2025 13:20,262144,0,10.45,1,36.13031578,-97.10372155,68.86,688,1,0,2,247.8405892,RSU1,247.8405892,269.8838196
11/19/2025 13:20,266240,4096,20.9,1,36.13031809,-97.10337007,70.61,689,1,1,0,216.2774131,RSU1,216.2774131,269.7817078
11/19/2025 13:20,266240,0,10.45,1,36.13032114,-97.10301032,72.28,690,1,0,1,183.9740314,RSU1,183.9740314,268.5234985
11/19/2025 13:20,266240,0,10.45,1,36.13032279,-97.10264522,73.35,691,1,0,2,151.1907278,RSU1,151.1907278,269.7258301
11/19/2025 13:20,270336,4096,20.9,1,36.13032317,-97.10227918,73.54,692,1,1,0,118.3235973,RSU1,118.3235973,269.9675903
11/19/2025 13:20,270336,0,10.45,1,36.13032201,-97.10191521,73.12,693,1,0,1,85.64248448,RSU1,85.64248448,270.3452148
11/19/2025 13:20,270336,0,10.45,1,36.13032336,-97.10155075,73.22,694,1,0,2,52.93922577,RSU1,52.93922577,270.4616089
11/19/2025 13:20,274432,4096,20.9,1,36.13032593,-97.10118615,73.25,695,1,1,0,20.33627875,RSU1,20.33627875,270.7088928
11/19/2025 13:20,274432,0,10.45,1,36.13032988,-97.1008226,73.04,696,1,0,1,12.95284589,RSU1,12.95284589,271.4088135
11/19/2025 13:20,274432,0,10.45,1,36.13033301,-97.10046232,72.38,697,1,0,2,45.02597154,RSU1,45.02597154,272.9187012
11/19/2025 13:20,278528,4096,20.9,1,36.13033581,-97.10010797,71.19,698,1,1,0,76.80346495,RSU1,76.80346495,274.2455139
11/19/2025 13:20,278528,0,10.45,1,36.13033806,-97.09976008,69.89,699,1,0,1,108.0269982,RSU1,108.0269982,275.5058289
11/19/2025 13:20,278528,0,10.45,1,36.13033912,-97.09942259,67.8,700,1,0,2,138.3223562,RSU1,138.3223562,276.372406
11/19/2025 13:20,282624,4096,20.9,1,36.13034105,-97.09909151,66.52,701,1,1,0,168.0501347,RSU1,168.0501347,277.104187
11/19/2025 13:20,282624,0,10.45,1,36.13033992,-97.09876383,65.83,702,1,0,1,197.4668718,RSU1,197.4668718,277.480957
11/19/2025 13:20,282624,0,10.45,1,36.13033903,-97.09843225,66.61,703,1,0,2,227.2375208,RSU1,227.2375208,277.9450684
11/19/2025 13:20,282624,0,10.45,1,36.13033994,-97.0980977,67.21,704,1,0,3,257.2802389,RSU1,257.2802389,278.5874634
11/19/2025 13:20,282624,0,0,0,36.13034127,-97.0977604,67.76,705,1,0,4,287.57133,RSU1,287.57133,279.6137085
11/19/2025 13:20,282624,0,0,0,36.13034383,-97.09741899,68.59,706,1,0,5,318.233956,RSU1,318.233956,281.3717957
11/19/2025 13:20,282624,0,0,0,36.13034701,-97.09707739,68.63,707,1,0,6,348.9147762,RSU1,348.9147762,283.2191772
11/19/2025 13:20,282624,0,0,0,36.13034975,-97.09673911,67.96,708,1,0,7,379.296776,RSU1,379.296776,285.5215149
11/19/2025 13:20,286720,4096,10.45,1,36.1303541,-97.09636232,75.7,709,1,1,0,413.1396124,RSU1,413.1396124,288.3380737
11/19/2025 13:20,286720,0,10.45,1,36.1303551,-97.0960557,61.6,710,1,0,1,440.6758503,RSU1,440.6758503,289.4004517
11/19/2025 13:20,286720,0,10.45,1,36.1303555,-97.09575962,59.48,711,1,0,2,467.264862,RSU1,467.264862,290.0220337
11/19/2025 13:20,290816,4096,20.9,1,36.13035555,-97.09542343,67.54,712,1,1,0,497.4555751,RSU1,497.4555751,290.6566772
11/19/2025 13:20,290816,0,10.45,1,36.130356,-97.09514246,56.45,713,1,0,1,522.6881429,RSU1,522.6881429,291.2630615
11/19/2025 13:20,290816,0,10.45,1,36.1303572,-97.0948667,55.4,714,1,0,2,547.4539132,RSU1,547.4539132,291.7545166
11/19/2025 13:20,290816,0,10.45,1,36.13035737,-97.09459588,54.41,715,1,0,3,571.77481,RSU1,571.77481,292.3719482
11/19/2025 13:20,290816,0,0,0,36.13035704,-97.09433124,53.17,716,1,0,4,595.5402337,RSU1,595.5402337,292.9459839
11/19/2025 13:20,290816,0,0,0,36.13035805,-97.09407535,51.41,717,1,0,5,618.5215366,RSU1,618.5215366,293.6150513
11/19/2025 13:20,290816,0,0,0,36.13035961,-97.09383018,49.26,718,1,0,6,640.5407839,RSU1,640.5407839,294.2157898
11/19/2025 13:20,290816,0,0,0,36.13036137,-97.09359457,47.34,719,1,0,7,661.7017283,RSU1,661.7017283,294.7288818
11/19/2025 13:21,290816,0,0,0,36.13036094,-97.0933321,52.73,720,1,0,8,685.2723923,RSU1,685.2723923,295.1278992
11/19/2025 13:21,290816,0,0,0,36.13035945,-97.09312891,40.82,721,1,0,9,703.5183828,RSU1,703.5183828,295.3566895
11/19/2025 13:21,290816,0,0,0,36.13035804,-97.0929622,33.49,722,1,0,10,718.4884888,RSU1,718.4884888,295.4766846
11/19/2025 13:21,290816,0,0,0,36.13036958,-97.09283287,26.14,723,1,0,11,730.1155306,RSU1,730.1155306,295.6332397
11/19/2025 13:21,290816,0,0,0,36.13040785,-97.09275245,18.75,724,1,0,12,737.3943736,RSU1,737.3943736,295.6732483
11/19/2025 13:21,290816,0,0,0,36.13046114,-97.0927105,15.71,725,1,0,13,741.2806981,RSU1,741.2806981,295.4764709
11/19/2025 13:21,290816,0,0,0,36.13052057,-97.09270605,14.81,726,1,0,14,741.8690169,RSU1,741.8690169,295.4364929
11/19/2025 13:21,290816,0,0,0,36.13057728,-97.09270936,14.12,727,1,0,15,741.8069714,RSU1,741.8069714,295.4764709
11/19/2025 13:21,290816,0,0,0,36.13063199,-97.09270935,13.61,728,1,0,16,742.0853541,RSU1,742.0853541,295.556488
11/19/2025 13:21,290816,0,0,0,36.13068633,-97.09270541,13.54,729,1,0,17,742.7634635,RSU1,742.7634635,295.5276794
11/19/2025 13:21,290816,0,0,0,36.13074161,-97.09270159,13.77,730,1,0,18,743.4863678,RSU1,743.4863678,295.5676575
11/19/2025 13:21,290816,0,0,0,36.13079598,-97.09271151,13.67,731,1,0,19,743.0214122,RSU1,743.0214122,295.4876709
11/19/2025 13:21,290816,0,0,0,36.13083497,-97.09274892,12.27,732,1,0,20,740.0066558,RSU1,740.0066558,295.4476624
11/19/2025 13:21,290816,0,0,0,36.13084725,-97.09279146,9.07,733,1,0,21,736.3101243,RSU1,736.3101243,295.3676758
11/19/2025 13:21,290816,0,0,0,36.13084546,-97.09281401,4.55,734,1,0,22,734.2754098,RSU1,734.2754098,295.3676758
11/19/2025 13:21,290816,0,0,0,36.13084528,-97.09281722,0.65,735,1,0,23,733.9864543,RSU1,733.9864543,295.3876648
11/19/2025 13:21,290816,0,0,0,36.1308455,-97.09281748,0.08,736,1,0,24,733.965204,RSU1,733.965204,295.3876648
11/19/2025 13:21,290816,0,0,0,36.13084588,-97.09281769,0.1,737,1,0,25,733.9499,RSU1,733.9499,295.3876648
11/19/2025 13:21,290816,0,0,0,36.13084028,-97.09280237,3.38,738,1,0,26,735.2699617,RSU1,735.2699617,295.3676758
11/19/2025 13:21,290816,0,0,0,36.13083973,-97.09278395,3.7,739,1,0,27,736.9137515,RSU1,736.9137515,295.3476868
11/19/2025 13:21,290816,0,0,0,36.13084265,-97.09276679,3.52,740,1,0,28,738.4762176,RSU1,738.4762176,295.3476868
11/19/2025 13:21,290816,0,0,0,36.13084523,-97.09275821,1.84,741,1,0,29,739.2676681,RSU1,739.2676681,295.3476868
11/19/2025 13:21,290816,0,0,0,36.13084447,-97.09275705,0.3,742,1,0,30,739.364575,RSU1,739.364575,295.3476868
11/19/2025 13:21,290816,0,0,0,36.13084762,-97.09275388,1.01,743,1,0,31,739.6770528,RSU1,739.6770528,295.4076843
11/19/2025 13:21,290816,0,0,0,36.13084031,-97.09275818,2.01,744,1,0,32,739.225712,RSU1,739.225712,295.3476868
11/19/2025 13:21,290816,0,0,0,36.13082081,-97.09276273,4.94,745,1,0,33,738.6453611,RSU1,738.6453611,295.3676758
11/19/2025 13:21,290816,0,0,0,36.13078894,-97.09276112,7.93,746,1,0,34,738.5203224,RSU1,738.5203224,295.3276672
11/19/2025 13:21,290816,0,0,0,36.13074583,-97.09275695,10.76,747,1,0,35,738.5567735,RSU1,738.5567735,295.4476624
11/19/2025 13:21,290816,0,0,0,36.13069588,-97.09274921,12.52,748,1,0,36,738.8988851,RSU1,738.8988851,295.5276794
11/19/2025 13:21,290816,0,0,0,36.13064243,-97.09274372,13.34,749,1,0,37,739.0612883,RSU1,739.0612883,295.5164795
11/19/2025 13:21,290816,0,0,0,36.13058862,-97.09273684,13.46,750,1,0,38,739.394749,RSU1,739.394749,295.5164795
11/19/2025 13:21,290816,0,0,0,36.13053676,-97.09273225,12.93,751,1,0,39,739.579114,RSU1,739.579114,295.5364685
11/19/2025 13:21,290816,0,0,0,36.13049532,-97.09273197,10.31,752,1,0,40,739.4547582,RSU1,739.4547582,295.556488
11/19/2025 13:21,290816,0,0,0,36.13046641,-97.09273752,7.28,753,1,0,41,738.8691718,RSU1,738.8691718,295.556488
11/19/2025 13:21,290816,0,0,0,36.13044795,-97.09274233,4.69,754,1,0,42,738.3888252,RSU1,738.3888252,295.4964905
11/19/2025 13:21,290816,0,0,0,36.1304295,-97.09276181,6.03,755,1,0,43,736.596894,RSU1,736.596894,295.6332397
11/19/2025 13:21,290816,0,0,0,36.13041297,-97.09279356,7.59,756,1,0,44,733.7122918,RSU1,733.7122918,295.5532227
11/19/2025 13:21,290816,0,0,0,36.13040632,-97.0928429,10.05,757,1,0,45,729.2694059,RSU1,729.2694059,295.6132202
11/19/2025 13:21,290816,0,0,0,36.13040661,-97.0929186,15.21,758,1,0,46,722.4722439,RSU1,722.4722439,295.4766846
11/19/2025 13:21,290816,0,0,0,36.13040706,-97.09302293,20.96,759,1,0,47,713.104512,RSU1,713.104512,295.376709
11/19/2025 13:21,290816,0,0,0,36.13040795,-97.09315135,25.8,760,1,0,48,701.574472,RSU1,701.574472,295.3166809
11/19/2025 13:21,290816,0,0,0,36.13040956,-97.09329915,29.69,761,1,0,49,688.3057238,RSU1,688.3057238,295.1278992
11/19/2025 13:21,290816,0,0,0,36.13040841,-97.09346914,34.15,762,1,0,50,673.0391289,RSU1,673.0391289,294.8688965
11/19/2025 13:21,290816,0,0,0,36.13040807,-97.09365586,37.51,763,1,0,51,656.2719371,RSU1,656.2719371,294.5157776
11/19/2025 13:21,290816,0,0,0,36.13040678,-97.09385994,41,764,1,0,52,637.9440633,RSU1,637.9440633,294.1557922
11/19/2025 13:21,290816,0,0,0,36.13040509,-97.09407744,43.7,765,1,0,53,618.4103809,RSU1,618.4103809,293.6750488
11/19/2025 13:21,290816,0,0,0,36.13040465,-97.0943089,46.5,766,1,0,54,597.6259255,RSU1,597.6259255,293.0259705
11/19/2025 13:21,290816,0,0,0,36.13040499,-97.09455054,48.55,767,1,0,55,575.9293533,RSU1,575.9293533,292.4719543
11/19/2025 13:21,290816,0,0,0,36.1304049,-97.09480091,50.3,768,1,0,56,553.4483067,RSU1,553.4483067,291.8745117
11/19/2025 13:21,290816,0,0,0,36.1304044,-97.09505784,51.62,769,1,0,57,530.3776419,RSU1,530.3776419,291.3869934
11/19/2025 13:21,290816,0,0,0,36.13040381,-97.09532071,52.81,770,1,0,58,506.7737999,RSU1,506.7737999,290.8830566
11/19/2025 13:21,290816,0,0,0,36.13040345,-97.09558862,53.82,771,1,0,59,482.7184939,RSU1,482.7184939,290.2966614
11/19/2025 13:21,290816,0,0,0,36.13040178,-97.09586145,54.81,772,1,0,60,458.218436,RSU1,458.218436,289.8020325
11/19/2025 13:21,290816,0,0,0,36.13039833,-97.0961391,55.78,773,1,0,61,433.2809882,RSU1,433.2809882,289.1180725
11/19/2025 13:21,294912,4096,10.45,1,36.13039595,-97.0964263,57.7,774,1,1,0,407.4893788,RSU1,407.4893788,287.7501526
11/19/2025 13:21,294912,0,10.45,1,36.13039397,-97.09672426,59.86,775,1,0,1,380.7334095,RSU1,380.7334095,285.7015381
11/19/2025 13:21,294912,0,10.45,1,36.13039097,-97.09703176,61.78,776,1,0,2,353.1184473,RSU1,353.1184473,283.5991821
11/19/2025 13:21,299008,4096,20.9,1,36.13038803,-97.09739783,73.55,777,1,1,0,320.2465471,RSU1,320.2465471,281.3717957
11/19/2025 13:21,299008,0,10.45,1,36.13038812,-97.09771384,63.49,778,1,0,1,291.8806797,RSU1,291.8806797,279.8937073
11/19/2025 13:21,299008,0,10.45,1,36.13038643,-97.09803242,64,779,1,0,2,263.2800711,RSU1,263.2800711,278.916626
11/19/2025 13:22,303104,4096,20.9,1,36.13038441,-97.09835182,64.17,780,1,1,0,234.6072273,RSU1,234.6072273,278.14505
11/19/2025 13:22,303104,0,10.45,1,36.13038365,-97.09867655,65.24,781,1,0,1,205.4661534,RSU1,205.4661534,277.6009521
11/19/2025 13:22,303104,0,10.45,1,36.13038513,-97.09900728,66.44,782,1,0,2,175.8077782,RSU1,175.8077782,277.2171021
11/19/2025 13:22,307200,4096,20.9,1,36.13038601,-97.0993368,66.2,783,1,1,0,146.2716697,RSU1,146.2716697,276.4724121
11/19/2025 13:22,307200,0,10.45,1,36.13038498,-97.09967365,67.67,784,1,0,1,116.0914924,RSU1,116.0914924,275.5258179
11/19/2025 13:22,307200,0,10.45,1,36.13038247,-97.10001938,69.46,785,1,0,2,85.15161673,RSU1,85.15161673,274.6074219
11/19/2025 13:22,311296,4096,20.9,1,36.13038071,-97.10037034,70.51,786,1,1,0,53.88933853,RSU1,53.88933853,273.258728
11/19/2025 13:22,311296,0,10.45,1,36.13037585,-97.10072719,71.7,787,1,0,1,22.71226999,RSU1,22.71226999,271.5954895
11/19/2025 13:22,311296,0,10.45,1,36.13036987,-97.10108616,72.13,788,1,0,2,13.59043651,RSU1,13.59043651,270.8288879
11/19/2025 13:22,315392,4096,20.9,1,36.13036622,-97.10144331,71.76,789,1,1,0,43.84896003,RSU1,43.84896003,270.4416199
11/19/2025 13:22,315392,0,10.45,1,36.1303659,-97.10179764,71.18,790,1,0,1,75.40545202,RSU1,75.40545202,270.3652039
11/19/2025 13:22,315392,0,10.45,1,36.1303646,-97.10215104,71,791,1,0,2,107.0286221,RSU1,107.0286221,269.9875793
11/19/2025 13:22,319488,4096,20.9,1,36.13036476,-97.10250342,70.79,792,1,1,0,138.6215972,RSU1,138.6215972,269.7750854
11/19/2025 13:22,319488,0,10.45,1,36.13036267,-97.10285581,70.8,793,1,0,1,170.2251689,RSU1,170.2251689,265.2635193
11/19/2025 13:22,319488,0,10.45,1,36.13035987,-97.10320765,70.69,794,1,0,2,201.7909563,RSU1,201.7909563,269.7051697
11/19/2025 13:22,323584,4096,20.9,1,36.13035789,-97.10355809,70.41,795,1,1,0,233.2428632,RSU1,233.2428632,269.8438416
11/19/2025 13:22,323584,0,10.45,1,36.13035713,-97.10390577,69.85,796,1,0,1,264.455362,RSU1,264.455362,269.9284363
11/19/2025 13:22,323584,0,10.45,1,36.1303548,-97.104254,69.96,797,1,0,2,295.7162703,RSU1,295.7162703,269.9576111
11/19/2025 13:22,327680,4096,20.9,1,36.13035378,-97.10460146,69.8,798,1,1,0,326.913458,RSU1,326.913458,269.9855042
11/19/2025 13:22,327680,0,10.45,1,36.13035314,-97.104949,69.82,799,1,0,1,358.1199689,RSU1,358.1199689,270.3832397
11/19/2025 13:22,331776,4096,20.9,1,36.13035278,-97.10529663,69.84,800,1,1,0,389.3359962,RSU1,389.3359962,270.3753662
11/19/2025 13:22,331776,0,20.9,1,36.13035332,-97.10564389,69.76,801,1,0,1,420.5208679,RSU1,420.5208679,270.547699
11/19/2025 13:22,331776,0,10.45,1,36.13035232,-97.1059906,69.65,802,1,0,2,451.6544594,RSU1,451.6544594,270.9880066
11/19/2025 13:22,335872,4096,20.9,1,36.13035183,-97.10633476,69.14,803,1,1,0,482.5603087,RSU1,482.5603087,271.7159729
11/19/2025 13:22,335872,0,10.45,1,36.13035239,-97.10667781,68.92,804,1,0,1,513.3681573,RSU1,513.3681573,272.7713013
11/19/2025 13:22,335872,0,10.45,1,36.13035337,-97.10701845,68.44,805,1,0,2,543.9602444,RSU1,543.9602444,273.8800049
11/19/2025 13:22,335872,0,10.45,1,36.13035447,-97.107355,67.61,806,1,0,3,574.1852632,RSU1,574.1852632,275.4321594
11/19/2025 13:22,339968,4096,10.45,1,36.13035539,-97.10769011,67.33,807,1,1,0,604.2808262,RSU1,604.2808262,276.9443054
11/19/2025 13:22,339968,0,10.45,1,36.1303553,-97.10802203,66.68,808,1,0,1,634.0888843,RSU1,634.0888843,278.6097717
11/19/2025 13:22,339968,0,10.45,1,36.13035554,-97.10834655,65.2,809,1,0,2,663.2328599,RSU1,663.2328599,280.0600586
11/19/2025 13:22,339968,0,10.45,1,36.13035696,-97.10866157,63.29,810,1,0,3,691.5249522,RSU1,691.5249522,280.4779053
11/19/2025 13:22,339968,0,0,0,36.13035606,-97.10897136,62.24,811,1,0,4,719.3451022,RSU1,719.3451022,280.8145142
11/19/2025 13:22,339968,0,0,0,36.1303554,-97.10927725,61.45,812,1,0,5,746.8153872,RSU1,746.8153872,280.8778076
11/19/2025 13:22,339968,0,0,0,36.13035484,-97.10958199,61.22,813,1,0,6,774.182602,RSU1,774.182602,280.9284973
11/19/2025 13:22,339968,0,0,0,36.13035462,-97.10988607,61.09,814,1,0,7,801.4909281,RSU1,801.4909281,280.9825134
11/19/2025 13:22,339968,0,0,0,36.13035329,-97.11023908,70.92,815,1,0,8,833.1927116,RSU1,833.1927116,281.1592712
11/19/2025 13:22,339968,0,0,0,36.13035215,-97.11053959,60.37,816,1,0,9,860.1799014,RSU1,860.1799014,281.2787476
11/19/2025 13:22,339968,0,0,0,36.13035036,-97.11083414,59.17,817,1,0,10,886.6314921,RSU1,886.6314921,281.6477966
11/19/2025 13:22,339968,0,0,0,36.13034971,-97.111116,56.63,818,1,0,11,911.9443225,RSU1,911.9443225,281.982605
11/19/2025 13:22,339968,0,0,0,36.13034915,-97.1113664,50.31,819,1,0,12,934.4319023,RSU1,934.4319023,282.4368896
11/19/2025 13:22,339968,0,0,0,36.13034795,-97.11157408,41.72,820,1,0,13,953.082517,RSU1,953.082517,282.7961426
11/19/2025 13:22,339968,0,0,0,36.13033789,-97.11172478,30.38,821,1,0,14,966.6111672,RSU1,966.6111672,282.9577026
11/19/2025 13:22,339968,0,0,0,36.13030404,-97.11181363,19.74,822,1,0,15,974.5818903,RSU1,974.5818903,283.0776978
11/19/2025 13:22,339968,0,0,0,36.13026008,-97.11185813,14.13,823,1,0,16,978.5886606,RSU1,978.5886606,283.317688
11/19/2025 13:22,339968,0,0,0,36.13022331,-97.11186592,9.28,824,1,0,17,979.3155684,RSU1,979.3155684,283.4577026
11/19/2025 13:22,339968,0,0,0,36.13021323,-97.11186731,2.52,825,1,0,18,979.4508621,RSU1,979.4508621,283.4577026
11/19/2025 13:22,339968,0,0,0,36.13021319,-97.11186858,0.26,826,1,0,19,979.5649591,RSU1,979.5649591,283.4577026
11/19/2025 13:22,339968,0,0,0,36.13021827,-97.11186699,1.3,827,1,0,20,979.4167325,RSU1,979.4167325,283.4577026
11/19/2025 13:22,339968,0,0,0,36.13023029,-97.11186483,3.02,828,1,0,21,979.2111845,RSU1,979.2111845,283.317688
11/19/2025 13:22,339968,0,0,0,36.13024708,-97.11186219,4.21,829,1,0,22,978.9609872,RSU1,978.9609872,283.317688
11/19/2025 13:22,339968,0,0,0,36.13026332,-97.11186056,4.05,830,1,0,23,978.8053083,RSU1,978.8053083,283.317688
11/19/2025 13:22,339968,0,0,0,36.13028203,-97.11186547,4.76,831,1,0,24,979.2396983,RSU1,979.2396983,283.317688
11/19/2025 13:22,339968,0,0,0,36.13029707,-97.11187557,4.26,832,1,0,25,980.1446981,RSU1,980.1446981,283.1976929
11/19/2025 13:22,339968,0,0,0,36.13030007,-97.11187944,1.08,833,1,0,26,980.4921888,RSU1,980.4921888,283.1976929
11/19/2025 13:22,339968,0,0,0,36.13030003,-97.11187871,0.15,834,1,0,27,980.426628,RSU1,980.426628,283.1976929
11/19/2025 13:22,339968,0,0,0,36.13030039,-97.11187934,0.16,835,1,0,28,980.4832068,RSU1,980.4832068,283.1976929
11/19/2025 13:22,339968,0,0,0,36.13030052,-97.11182644,10.63,836,1,0,29,975.7322728,RSU1,975.7322728,283.1376953
11/19/2025 13:22,339968,0,0,0,36.13030562,-97.11175716,13.98,837,1,0,30,969.5104238,RSU1,969.5104238,282.9977112
11/19/2025 13:22,339968,0,0,0,36.13031226,-97.11166902,17.78,838,1,0,31,961.59532,RSU1,961.59532,282.7761536
11/19/2025 13:22,339968,0,0,0,36.13031313,-97.11155031,23.85,839,1,0,32,950.9341586,RSU1,950.9341586,282.6161499
11/19/2025 13:23,339968,0,0,0,36.13031094,-97.11141255,27.68,840,1,0,33,938.5616537,RSU1,938.5616537,282.4368896
11/19/2025 13:23,339968,0,0,0,36.13031086,-97.11124685,33.29,841,1,0,34,923.6801863,RSU1,923.6801863,282.1769104
11/19/2025 13:23,339968,0,0,0,36.13031117,-97.11106273,36.99,842,1,0,35,907.1444816,RSU1,907.1444816,281.8226013
11/19/2025 13:23,339968,0,0,0,36.13031128,-97.11086059,40.61,843,1,0,36,888.9903808,RSU1,888.9903808,281.4477844
11/19/2025 13:23,339968,0,0,0,36.13031066,-97.11064277,43.76,844,1,0,37,869.4279564,RSU1,869.4279564,281.2587585
11/19/2025 13:23,339968,0,0,0,36.13031095,-97.1104164,45.48,845,1,0,38,849.0977958,RSU1,849.0977958,281.1792603
11/19/2025 13:23,339968,0,0,0,36.13031309,-97.11017754,47.99,846,1,0,39,827.646244,RSU1,827.646244,281.1419067
11/19/2025 13:23,339968,0,0,0,36.13031498,-97.10993235,49.26,847,1,0,40,805.6262339,RSU1,805.6262339,280.9225159
11/19/2025 13:23,339968,0,0,0,36.13031785,-97.10967868,50.97,848,1,0,41,782.8449853,RSU1,782.8449853,281.0285034
11/19/2025 13:23,339968,0,0,0,36.1303199,-97.10941905,52.16,849,1,0,42,759.5283885,RSU1,759.5283885,280.9378052
11/19/2025 13:23,339968,0,0,0,36.13032117,-97.10914972,54.11,850,1,0,43,735.3404793,RSU1,735.3404793,280.9144897
11/19/2025 13:23,339968,0,0,0,36.13032271,-97.10887443,55.31,851,1,0,44,710.6174778,RSU1,710.6174778,280.7400208
11/19/2025 13:23,344064,4096,10.45,1,36.13032184,-97.10859835,55.46,852,1,1,0,685.8226316,RSU1,685.8226316,280.4978943
11/19/2025 13:23,344064,0,10.45,1,36.13032059,-97.1083185,56.22,853,1,0,1,660.6890585,RSU1,660.6890585,279.9000854
11/19/2025 13:23,344064,0,10.45,1,36.13031953,-97.10803463,57.03,854,1,0,2,635.1945273,RSU1,635.1945273,278.5697632
11/19/2025 13:23,348160,4096,20.9,1,36.13031847,-97.1076963,67.97,855,1,1,0,604.8089886,RSU1,604.8089886,277.1043091
11/19/2025 13:23,348160,0,10.45,1,36.13031685,-97.10740342,58.84,856,1,0,1,578.5050751,RSU1,578.5050751,275.5121765
11/19/2025 13:23,352256,4096,20.9,1,36.13031521,-97.10710732,59.49,857,1,1,0,551.9119839,RSU1,551.9119839,274.2999878
11/19/2025 13:23,352256,0,20.9,1,36.13031471,-97.10681048,59.63,858,1,0,1,525.2528274,RSU1,525.2528274,273.2867432
11/19/2025 13:23,352256,0,10.45,1,36.13031573,-97.10651108,60.15,859,1,0,2,498.3643202,RSU1,498.3643202,272.2913208
11/19/2025 13:23,356352,4096,20.9,1,36.13031597,-97.10621076,60.33,860,1,1,0,471.3929436,RSU1,471.3929436,271.5084534
11/19/2025 13:23,356352,0,10.45,1,36.13031489,-97.10590997,60.43,861,1,0,1,444.3788245,RSU1,444.3788245,270.8280029
11/19/2025 13:23,356352,0,10.45,1,36.13031539,-97.10560872,60.52,862,1,0,2,417.3240729,RSU1,417.3240729,270.5677185
11/19/2025 13:23,360448,4096,20.9,1,36.13031583,-97.10530931,60.15,863,1,1,0,390.4346065,RSU1,390.4346065,270.3353577
11/19/2025 13:23,360448,0,10.45,1,36.13031711,-97.10501446,59.24,864,1,0,1,363.9552162,RSU1,363.9552162,270.3869324
11/19/2025 13:23,360448,0,10.45,1,36.13031877,-97.10471955,59.25,865,1,0,2,337.4709134,RSU1,337.4709134,270.1855164
11/19/2025 13:23,364544,4096,20.9,1,36.13031891,-97.10442931,58.31,866,1,1,0,311.4051892,RSU1,311.4051892,270.0458069
11/19/2025 13:23,364544,0,10.45,1,36.1303186,-97.10414247,57.62,867,1,0,1,285.6445624,RSU1,285.6445624,269.9976196
11/19/2025 13:23,364544,0,10.45,1,36.13031978,-97.10386057,56.63,868,1,0,2,260.3290081,RSU1,260.3290081,269.9484253
11/19/2025 13:23,368640,4096,20.9,1,36.13032085,-97.10358342,55.68,869,1,1,0,235.4403705,RSU1,235.4403705,269.823822
11/19/2025 13:23,368640,0,10.45,1,36.13032349,-97.1033116,54.61,870,1,0,1,211.0330428,RSU1,211.0330428,269.8417053
11/19/2025 13:23,368640,0,10.45,1,36.13032678,-97.10304474,53.62,871,1,0,2,187.0739582,RSU1,187.0739582,269.6451721
11/19/2025 13:23,372736,4096,20.9,1,36.13032814,-97.1027849,52.2,872,1,1,0,163.744002,RSU1,163.744002,269.7258301
11/19/2025 13:23,372736,0,10.45,1,36.13032763,-97.10253261,50.69,873,1,0,1,141.0894686,RSU1,141.0894686,269.7750854
11/19/2025 13:23,372736,0,10.45,1,36.13032789,-97.10228662,49.42,874,1,0,2,119.0041409,RSU1,119.0041409,269.9675903
11/19/2025 13:23,376832,4096,20.9,1,36.1303293,-97.1020582,45.89,875,1,1,0,98.50328705,RSU1,98.50328705,270.1676025
11/19/2025 13:23,376832,0,10.45,1,36.13032968,-97.10186775,38.26,876,1,0,1,81.41205546,RSU1,81.41205546,270.3452148
11/19/2025 13:23,376832,0,10.45,1,36.13032703,-97.10171177,31.34,877,1,0,2,67.40366416,RSU1,67.40366416,270.3776245
11/19/2025 13:23,380928,4096,20.9,1,36.13032561,-97.1015997,22.52,878,1,1,0,57.34240082,RSU1,57.34240082,270.5176086
11/19/2025 13:23,380928,0,10.45,1,36.13033573,-97.10153189,13.85,879,1,0,1,51.33561862,RSU1,51.33561862,270.4616089
11/19/2025 13:23,380928,0,10.45,1,36.13035806,-97.10149484,9.29,880,1,0,2,48.28771371,RSU1,48.28771371,270.5216064
11/19/2025 13:23,385024,4096,20.9,1,36.13038103,-97.10148047,6.4,881,1,1,0,47.42734466,RSU1,47.42734466,270.3216248
11/19/2025 13:23,385024,0,10.45,1,36.13040162,-97.10147268,5.36,882,1,0,1,47.2354502,RSU1,47.2354502,270.3216248
11/19/2025 13:23,385024,0,10.45,1,36.1304249,-97.10146996,5.82,883,1,0,2,47.68690673,RSU1,47.68690673,270.1416321
